DEPARTMENT,STUDENT_ID,FIRST_NAME,LAST_NAME,TOTAL_SCORE,AVG_SCORE
Business,S1001,Maria,Brown,92.29,74.0
Business,S1006,Ahmed,Jones,79.78,74.0
Business,S1010,John,Smith,74.52,74.0
Business,S1013,John,Williams,74.8,74.0
Business,S1016,Maria,Jones,78.95,74.0
Business,S1022,Sara,Davis,87.98,74.0
Business,S1026,Emma,Johnson,89.76,74.0
Business,S1030,Ahmed,Brown,74.94,74.0
Business,S1038,Ali,Williams,76.22,74.0
Business,S1040,John,Johnson,90.3,74.0
Business,S1044,Maria,Smith,88.66,74.0
Business,S1053,Maria,Smith,77.51,74.0
Business,S1059,Ahmed,Johnson,79.61,74.0
Business,S1067,Ali,Williams,98.48,74.0
Business,S1072,Ali,Johnson,79.29,74.0
Business,S1075,Sara,Williams,86.38,74.0
Business,S1082,Ahmed,Brown,94.39,74.0
Business,S1084,Omar,Brown,97.39,74.0
Business,S1091,Maria,Williams,92.68,74.0
Business,S1105,Sara,Williams,97.77,74.0
Business,S1106,Emma,Jones,76.66,74.0
Business,S1108,Emma,Smith,75.17,74.0
Business,S1109,Omar,Smith,99.81,74.0
Business,S1124,Ahmed,Brown,77.24,74.0
Business,S1128,Maria,Brown,77.16,74.0
Business,S1147,John,Davis,95.4,74.0
Business,S1168,Omar,Brown,88.86,74.0
Business,S1171,Ahmed,Jones,80.01,74.0
Business,S1183,John,Brown,94.95,74.0
Business,S1189,Emma,Williams,80.62,74.0
Business,S1204,Maria,Brown,75.93,74.0
Business,S1206,Liam,Johnson,77.34,74.0
Business,S1239,Liam,Brown,83.29,74.0
Business,S1243,Ali,Davis,76.49,74.0
Business,S1257,Emma,Smith,78.84,74.0
Business,S1259,John,Davis,79.33,74.0
Business,S1264,John,Jones,93.33,74.0
Business,S1272,Liam,Smith,96.11,74.0
Business,S1276,Ali,Williams,93.4,74.0
Business,S1277,Emma,Smith,98.81,74.0
Business,S1279,Sara,Davis,91.11,74.0
Business,S1280,Maria,Smith,92.46,74.0
Business,S1282,Emma,Davis,81.57,74.0
Business,S1330,Ali,Brown,75.99,74.0
Business,S1332,Maria,Jones,85.03,74.0
Business,S1336,Ahmed,Johnson,85.27,74.0
Business,S1344,John,Smith,85.95,74.0
Business,S1353,Liam,Williams,86.43,74.0
Business,S1361,Ali,Williams,93.64,74.0
Business,S1365,Omar,Jones,74.92,74.0
Business,S1383,Ahmed,Johnson,86.68,74.0
Business,S1384,Ahmed,Jones,91.47,74.0
Business,S1386,John,Brown,75.85,74.0
Business,S1391,John,Johnson,82.79,74.0
Business,S1392,Liam,Davis,94.17,74.0
Business,S1397,Emma,Jones,81.42,74.0
Business,S1424,Liam,Williams,74.88,74.0
Business,S1425,Ahmed,Brown,93.74,74.0
Business,S1432,Ahmed,Williams,82.63,74.0
Business,S1434,Maria,Davis,93.32,74.0
Business,S1438,Omar,Jones,93.27,74.0
Business,S1448,Omar,Brown,90.59,74.0
Business,S1470,Ahmed,Johnson,97.37,74.0
Business,S1491,Ahmed,Williams,79.36,74.0
Business,S1494,Ahmed,Williams,78.46,74.0
Business,S1498,Ali,Johnson,82.8,74.0
Business,S1506,Liam,Smith,95.3,74.0
Business,S1518,Liam,Johnson,74.58,74.0
Business,S1520,Liam,Smith,95.47,74.0
Business,S1522,Emma,Jones,91.71,74.0
Business,S1525,Omar,Brown,93.38,74.0
Business,S1545,Liam,Smith,81.7,74.0
Business,S1554,Ali,Williams,88.39,74.0
Business,S1570,Emma,Brown,86.52,74.0
Business,S1571,John,Johnson,89.73,74.0
Business,S1577,Emma,Davis,88.87,74.0
Business,S1583,Sara,Johnson,80.7,74.0
Business,S1593,Maria,Johnson,82.18,74.0
Business,S1597,Omar,Smith,86.96,74.0
Business,S1627,Emma,Williams,82.2,74.0
Business,S1651,Liam,Williams,98.55,74.0
Business,S1653,Ahmed,Johnson,99.93,74.0
Business,S1660,Liam,Johnson,85.39,74.0
Business,S1662,Ahmed,Smith,76.62,74.0
Business,S1670,Ali,Davis,85.02,74.0
Business,S1688,Omar,Williams,76.13,74.0
Business,S1689,Sara,Smith,78.55,74.0
Business,S1693,Maria,Davis,80.69,74.0
Business,S1694,Sara,Davis,93.31,74.0
Business,S1697,Sara,Jones,79.45,74.0
Business,S1700,Sara,Smith,89.28,74.0
Business,S1716,John,Johnson,78.19,74.0
Business,S1718,Liam,Davis,82.48,74.0
Business,S1720,Sara,Jones,80.61,74.0
Business,S1723,Ali,Jones,80.35,74.0
Business,S1726,John,Smith,82.32,74.0
Business,S1743,Ahmed,Smith,89.52,74.0
Business,S1748,Ali,Davis,85.54,74.0
Business,S1753,Sara,Williams,74.71,74.0
Business,S1756,Sara,Williams,92.1,74.0
Business,S1759,Omar,Brown,79.56,74.0
Business,S1762,Ahmed,Brown,97.41,74.0
Business,S1765,John,Williams,86.29,74.0
Business,S1767,Liam,Williams,87.63,74.0
Business,S1768,Maria,Brown,95.79,74.0
Business,S1771,Ahmed,Smith,89.53,74.0
Business,S1783,Maria,Williams,85.45,74.0
Business,S1790,Emma,Smith,87.74,74.0
Business,S1798,Ali,Brown,90.3,74.0
Business,S1818,Maria,Johnson,80.42,74.0
Business,S1837,Ahmed,Williams,97.26,74.0
Business,S1838,Maria,Williams,94.41,74.0
Business,S1844,Ahmed,Davis,95.06,74.0
Business,S1850,Omar,Johnson,81.48,74.0
Business,S1864,Maria,Brown,74.43,74.0
Business,S1884,Liam,Davis,87.96,74.0
Business,S1888,Maria,Smith,96.03,74.0
Business,S1904,John,Davis,80.7,74.0
Business,S1905,Sara,Smith,86.82,74.0
Business,S1915,Emma,Smith,82.72,74.0
Business,S1928,Emma,Smith,87.58,74.0
Business,S1947,Liam,Johnson,90.97,74.0
Business,S1949,Ahmed,Williams,80.54,74.0
Business,S1959,Omar,Davis,74.36,74.0
Business,S1973,John,Williams,78.65,74.0
Business,S1996,Ali,Williams,83.03,74.0
Business,S2005,Ahmed,Jones,96.39,74.0
Business,S2031,Liam,Jones,81.5,74.0
Business,S2032,Ali,Brown,83.83,74.0
Business,S2034,Ali,Williams,94.95,74.0
Business,S2038,Ali,Brown,75.32,74.0
Business,S2045,John,Jones,92.64,74.0
Business,S2066,Ahmed,Williams,89.59,74.0
Business,S2067,Omar,Davis,90.75,74.0
Business,S2073,John,Brown,87.01,74.0
Business,S2080,John,Jones,87.86,74.0
Business,S2083,Maria,Brown,93.4,74.0
Business,S2087,Liam,Johnson,79.96,74.0
Business,S2091,Omar,Johnson,81.42,74.0
Business,S2101,Sara,Williams,82.67,74.0
Business,S2111,Ali,Brown,74.86,74.0
Business,S2139,Ali,Jones,91.05,74.0
Business,S2144,Maria,Johnson,85.24,74.0
Business,S2145,Emma,Smith,81.47,74.0
Business,S2156,Sara,Davis,99.83,74.0
Business,S2169,John,Davis,95.7,74.0
Business,S2173,Omar,Jones,77.95,74.0
Business,S2176,Omar,Smith,94.28,74.0
Business,S2181,Liam,Smith,85.16,74.0
Business,S2195,Ahmed,Johnson,87.71,74.0
Business,S2199,Ahmed,Davis,87.19,74.0
Business,S2208,Ali,Johnson,76.02,74.0
Business,S2210,Ali,Jones,79.28,74.0
Business,S2211,Maria,Jones,95.13,74.0
Business,S2238,Ali,Smith,76.64,74.0
Business,S2245,Liam,Smith,78.27,74.0
Business,S2252,Liam,Brown,77.5,74.0
Business,S2255,Sara,Jones,83.33,74.0
Business,S2260,Omar,Brown,79.37,74.0
Business,S2283,Ali,Williams,81.58,74.0
Business,S2286,Sara,Williams,99.0,74.0
Business,S2294,Maria,Smith,80.38,74.0
Business,S2301,Maria,Johnson,89.35,74.0
Business,S2303,Emma,Smith,80.99,74.0
Business,S2306,Liam,Smith,82.44,74.0
Business,S2320,Liam,Williams,74.68,74.0
Business,S2331,Emma,Brown,88.76,74.0
Business,S2338,Emma,Jones,87.96,74.0
Business,S2351,Liam,Davis,79.23,74.0
Business,S2360,Emma,Brown,97.14,74.0
Business,S2362,Ali,Williams,93.07,74.0
Business,S2363,Emma,Jones,83.42,74.0
Business,S2367,Emma,Williams,81.59,74.0
Business,S2375,Ahmed,Brown,99.35,74.0
Business,S2383,Maria,Brown,76.44,74.0
Business,S2384,Ali,Jones,85.02,74.0
Business,S2403,Emma,Jones,92.06,74.0
Business,S2409,Sara,Jones,79.2,74.0
Business,S2428,Emma,Johnson,75.62,74.0
Business,S2442,Maria,Brown,82.8,74.0
Business,S2445,Ali,Williams,98.11,74.0
Business,S2455,Ahmed,Brown,77.92,74.0
Business,S2458,Emma,Johnson,94.28,74.0
Business,S2461,Ahmed,Davis,85.09,74.0
Business,S2469,Ali,Brown,82.4,74.0
Business,S2484,Omar,Johnson,83.05,74.0
Business,S2495,Ahmed,Davis,93.56,74.0
Business,S2496,Liam,Smith,98.06,74.0
Business,S2500,John,Davis,89.44,74.0
Business,S2517,John,Brown,95.49,74.0
Business,S2523,Ahmed,Johnson,81.94,74.0
Business,S2531,Sara,Brown,83.02,74.0
Business,S2555,Ahmed,Brown,84.5,74.0
Business,S2558,Omar,Brown,87.99,74.0
Business,S2560,John,Johnson,74.43,74.0
Business,S2564,John,Davis,83.69,74.0
Business,S2569,Emma,Davis,80.48,74.0
Business,S2570,Sara,Davis,94.19,74.0
Business,S2572,Emma,Davis,75.58,74.0
Business,S2585,Sara,Johnson,86.04,74.0
Business,S2600,Liam,Williams,94.0,74.0
Business,S2607,Ali,Davis,97.86,74.0
Business,S2620,Ahmed,Smith,89.6,74.0
Business,S2626,Ali,Brown,98.03,74.0
Business,S2629,Emma,Davis,98.6,74.0
Business,S2631,John,Brown,87.9,74.0
Business,S2637,Ahmed,Brown,75.72,74.0
Business,S2640,Maria,Williams,75.08,74.0
Business,S2643,Sara,Jones,93.08,74.0
Business,S2647,Maria,Jones,94.6,74.0
Business,S2656,Sara,Williams,80.33,74.0
Business,S2669,Maria,Brown,79.82,74.0
Business,S2677,John,Brown,82.24,74.0
Business,S2679,Sara,Jones,86.13,74.0
Business,S2683,Ali,Smith,81.5,74.0
Business,S2685,Ali,Jones,80.91,74.0
Business,S2696,Ali,Jones,74.89,74.0
Business,S2697,Omar,Smith,79.62,74.0
Business,S2698,Ali,Brown,78.37,74.0
Business,S2700,Ahmed,Jones,88.46,74.0
Business,S2714,Emma,Jones,99.59,74.0
Business,S2716,Liam,Jones,84.56,74.0
Business,S2735,Liam,Williams,83.18,74.0
Business,S2739,John,Smith,90.55,74.0
Business,S2742,Sara,Smith,88.8,74.0
Business,S2750,Maria,Davis,89.93,74.0
Business,S2760,Liam,Davis,98.63,74.0
Business,S2776,Sara,Johnson,96.13,74.0
Business,S2778,Liam,Brown,91.74,74.0
Business,S2786,Maria,Davis,80.41,74.0
Business,S2793,Omar,Smith,79.5,74.0
Business,S2799,Ali,Johnson,93.57,74.0
Business,S2802,John,Brown,96.62,74.0
Business,S2805,John,Williams,94.6,74.0
Business,S2807,Ahmed,Brown,81.41,74.0
Business,S2820,Omar,Brown,81.12,74.0
Business,S2823,Maria,Brown,76.12,74.0
Business,S2841,Emma,Johnson,94.57,74.0
Business,S2857,Ali,Smith,82.75,74.0
Business,S2864,Maria,Brown,76.49,74.0
Business,S2867,Ahmed,Davis,85.67,74.0
Business,S2875,Liam,Johnson,95.46,74.0
Business,S2876,Ahmed,Johnson,97.39,74.0
Business,S2893,John,Brown,95.97,74.0
Business,S2895,Omar,Davis,77.14,74.0
Business,S2904,Omar,Jones,96.18,74.0
Business,S2907,Ali,Jones,91.8,74.0
Business,S2921,Ahmed,Williams,95.44,74.0
Business,S2922,Maria,Brown,93.06,74.0
Business,S2925,Ahmed,Johnson,83.97,74.0
Business,S2930,Liam,Davis,94.96,74.0
Business,S2932,Ali,Johnson,90.27,74.0
Business,S2946,Ali,Smith,82.51,74.0
Business,S2951,John,Smith,84.1,74.0
Business,S2962,Sara,Smith,98.24,74.0
Business,S2969,Ali,Davis,94.22,74.0
Business,S2972,John,Davis,84.57,74.0
Business,S2973,Liam,Jones,78.73,74.0
Business,S2976,Omar,Smith,82.4,74.0
Business,S2977,John,Jones,82.08,74.0
Business,S2978,John,Williams,86.42,74.0
Business,S3015,Liam,Jones,79.9,74.0
Business,S3021,John,Williams,98.42,74.0
Business,S3042,Ali,Smith,76.27,74.0
Business,S3046,Sara,Williams,98.5,74.0
Business,S3047,John,Johnson,86.88,74.0
Business,S3053,Maria,Davis,76.76,74.0
Business,S3068,Sara,Jones,76.2,74.0
Business,S3075,Omar,Johnson,99.19,74.0
Business,S3077,Omar,Smith,88.13,74.0
Business,S3078,Omar,Jones,90.97,74.0
Business,S3087,Ali,Smith,91.87,74.0
Business,S3099,John,Brown,77.33,74.0
Business,S3100,Omar,Davis,94.44,74.0
Business,S3112,Emma,Smith,82.04,74.0
Business,S3120,Liam,Brown,76.92,74.0
Business,S3132,Emma,Johnson,85.23,74.0
Business,S3156,Maria,Williams,94.46,74.0
Business,S3158,Sara,Smith,99.85,74.0
Business,S3163,Maria,Williams,78.3,74.0
Business,S3175,Omar,Johnson,93.8,74.0
Business,S3184,Ahmed,Davis,79.15,74.0
Business,S3190,Sara,Jones,75.38,74.0
Business,S3199,Ahmed,Davis,74.42,74.0
Business,S3205,Ali,Jones,80.48,74.0
Business,S3207,Maria,Jones,94.29,74.0
Business,S3215,Sara,Jones,79.17,74.0
Business,S3226,Omar,Johnson,98.4,74.0
Business,S3230,Emma,Davis,75.62,74.0
Business,S3235,Liam,Williams,97.49,74.0
Business,S3236,John,Davis,93.89,74.0
Business,S3240,Ali,Davis,81.65,74.0
Business,S3245,Sara,Williams,86.47,74.0
Business,S3252,John,Smith,74.66,74.0
Business,S3253,Sara,Brown,84.74,74.0
Business,S3255,Maria,Johnson,98.91,74.0
Business,S3264,Emma,Jones,94.31,74.0
Business,S3273,Sara,Johnson,80.83,74.0
Business,S3278,Ahmed,Jones,78.87,74.0
Business,S3289,Ali,Davis,93.26,74.0
Business,S3291,Liam,Williams,89.68,74.0
Business,S3295,Maria,Brown,76.83,74.0
Business,S3302,John,Brown,96.71,74.0
Business,S3311,Maria,Williams,79.15,74.0
Business,S3334,Ahmed,Smith,99.59,74.0
Business,S3348,Maria,Smith,77.31,74.0
Business,S3355,John,Johnson,83.94,74.0
Business,S3357,Omar,Johnson,75.22,74.0
Business,S3361,Sara,Johnson,90.3,74.0
Business,S3369,Emma,Smith,94.22,74.0
Business,S3374,Sara,Williams,75.19,74.0
Business,S3378,Ali,Johnson,74.92,74.0
Business,S3400,Ahmed,Davis,94.54,74.0
Business,S3407,Omar,Brown,76.6,74.0
Business,S3413,Omar,Williams,99.25,74.0
Business,S3420,Ali,Davis,75.34,74.0
Business,S3423,Ali,Smith,82.77,74.0
Business,S3424,Omar,Jones,85.48,74.0
Business,S3436,Emma,Williams,83.95,74.0
Business,S3439,John,Davis,82.24,74.0
Business,S3445,Ahmed,Brown,77.41,74.0
Business,S3448,Liam,Davis,76.89,74.0
Business,S3466,Liam,Smith,93.87,74.0
Business,S3470,Maria,Davis,84.15,74.0
Business,S3487,Sara,Davis,95.03,74.0
Business,S3491,Ahmed,Williams,81.3,74.0
Business,S3497,Sara,Brown,82.65,74.0
Business,S3506,Ali,Davis,83.21,74.0
Business,S3511,Ali,Jones,87.58,74.0
Business,S3513,Liam,Smith,77.93,74.0
Business,S3526,Ahmed,Johnson,91.59,74.0
Business,S3549,John,Smith,77.03,74.0
Business,S3551,Ali,Brown,96.39,74.0
Business,S3552,Ali,Smith,84.95,74.0
Business,S3554,Ali,Williams,82.55,74.0
Business,S3558,Liam,Jones,78.13,74.0
Business,S3564,Sara,Davis,81.75,74.0
Business,S3570,Sara,Davis,77.26,74.0
Business,S3577,Ahmed,Davis,90.99,74.0
Business,S3579,Sara,Brown,91.88,74.0
Business,S3589,Omar,Smith,88.34,74.0
Business,S3594,Ali,Smith,84.74,74.0
Business,S3597,Ahmed,Davis,78.0,74.0
Business,S3600,Emma,Smith,84.14,74.0
Business,S3604,Omar,Williams,94.04,74.0
Business,S3617,Omar,Davis,79.0,74.0
Business,S3628,Sara,Smith,93.31,74.0
Business,S3632,Ali,Johnson,82.59,74.0
Business,S3633,Maria,Johnson,83.79,74.0
Business,S3657,Liam,Jones,82.88,74.0
Business,S3664,Emma,Williams,87.66,74.0
Business,S3668,Ali,Smith,83.35,74.0
Business,S3671,Maria,Brown,85.38,74.0
Business,S3675,Ahmed,Williams,96.97,74.0
Business,S3679,Omar,Davis,98.54,74.0
Business,S3693,Maria,Johnson,91.76,74.0
Business,S3700,Ali,Jones,79.54,74.0
Business,S3703,Ali,Brown,80.17,74.0
Business,S3715,Omar,Jones,92.88,74.0
Business,S3721,Ahmed,Davis,93.03,74.0
Business,S3727,Ahmed,Davis,94.93,74.0
Business,S3730,John,Brown,93.93,74.0
Business,S3733,Maria,Davis,98.62,74.0
Business,S3737,Sara,Johnson,76.97,74.0
Business,S3748,Emma,Williams,93.06,74.0
Business,S3753,Emma,Jones,81.4,74.0
Business,S3755,Omar,Johnson,89.41,74.0
Business,S3763,Ali,Davis,97.37,74.0
Business,S3771,Ali,Davis,93.33,74.0
Business,S3773,Maria,Jones,77.99,74.0
Business,S3788,Sara,Davis,88.77,74.0
Business,S3798,Ali,Williams,77.08,74.0
Business,S3803,Maria,Williams,84.69,74.0
Business,S3811,Ali,Johnson,97.3,74.0
Business,S3842,Ali,Williams,92.73,74.0
Business,S3855,Ali,Smith,75.44,74.0
Business,S3860,Omar,Williams,96.82,74.0
Business,S3864,Sara,Jones,92.29,74.0
Business,S3867,Emma,Smith,90.14,74.0
Business,S3885,Ahmed,Davis,79.44,74.0
Business,S3913,Maria,Williams,82.57,74.0
Business,S3917,Omar,Jones,92.14,74.0
Business,S3920,Ahmed,Davis,93.73,74.0
Business,S3925,Emma,Jones,92.63,74.0
Business,S3927,Sara,Brown,86.76,74.0
Business,S3929,Liam,Jones,88.58,74.0
Business,S3943,John,Smith,82.6,74.0
Business,S3950,Emma,Williams,86.68,74.0
Business,S3951,John,Williams,95.27,74.0
Business,S3961,Ali,Smith,80.35,74.0
Business,S3963,Emma,Johnson,99.7,74.0
Business,S3965,Omar,Jones,96.37,74.0
Business,S3975,John,Johnson,97.73,74.0
Business,S3977,Ahmed,Johnson,82.41,74.0
Business,S3978,Ali,Johnson,95.29,74.0
Business,S3984,Maria,Davis,81.27,74.0
Business,S3988,John,Davis,97.74,74.0
Business,S4001,Sara,Davis,81.89,74.0
Business,S4002,Emma,Smith,82.05,74.0
Business,S4017,John,Davis,95.56,74.0
Business,S4023,Maria,Smith,76.53,74.0
Business,S4025,John,Brown,75.96,74.0
Business,S4028,Omar,Smith,88.89,74.0
Business,S4030,Omar,Jones,84.81,74.0
Business,S4033,Ahmed,Johnson,97.89,74.0
Business,S4051,Ahmed,Johnson,89.03,74.0
Business,S4052,Maria,Brown,89.19,74.0
Business,S4058,John,Jones,83.5,74.0
Business,S4087,Liam,Smith,84.33,74.0
Business,S4089,Maria,Johnson,91.94,74.0
Business,S4091,Emma,Brown,94.12,74.0
Business,S4100,John,Brown,89.41,74.0
Business,S4108,Ali,Brown,84.62,74.0
Business,S4114,Sara,Johnson,76.12,74.0
Business,S4117,Sara,Brown,85.44,74.0
Business,S4128,John,Smith,86.23,74.0
Business,S4146,Sara,Johnson,74.18,74.0
Business,S4148,Omar,Jones,84.79,74.0
Business,S4163,Ahmed,Williams,74.19,74.0
Business,S4167,Ali,Johnson,82.42,74.0
Business,S4169,Liam,Williams,78.23,74.0
Business,S4175,Sara,Johnson,74.76,74.0
Business,S4176,Emma,Jones,95.16,74.0
Business,S4183,Liam,Williams,93.41,74.0
Business,S4186,John,Smith,89.39,74.0
Business,S4194,Emma,Jones,94.68,74.0
Business,S4210,Ali,Williams,94.47,74.0
Business,S4212,Sara,Williams,93.74,74.0
Business,S4224,Emma,Brown,92.13,74.0
Business,S4227,Sara,Davis,80.68,74.0
Business,S4228,John,Davis,93.11,74.0
Business,S4235,Emma,Davis,77.29,74.0
Business,S4245,Sara,Johnson,80.74,74.0
Business,S4253,Omar,Davis,87.31,74.0
Business,S4259,Omar,Williams,76.88,74.0
Business,S4260,Liam,Davis,87.88,74.0
Business,S4262,Ali,Smith,84.68,74.0
Business,S4268,Liam,Brown,90.91,74.0
Business,S4278,Liam,Williams,82.95,74.0
Business,S4290,Omar,Jones,96.87,74.0
Business,S4291,Liam,Brown,78.79,74.0
Business,S4293,Ahmed,Smith,78.19,74.0
Business,S4301,Maria,Williams,96.81,74.0
Business,S4302,Ali,Brown,92.6,74.0
Business,S4317,Emma,Brown,87.17,74.0
Business,S4330,Ahmed,Davis,96.64,74.0
Business,S4332,Sara,Johnson,86.88,74.0
Business,S4336,Sara,Johnson,88.63,74.0
Business,S4347,John,Williams,98.49,74.0
Business,S4348,Liam,Davis,86.91,74.0
Business,S4353,Omar,Williams,86.78,74.0
Business,S4354,Ahmed,Johnson,84.36,74.0
Business,S4356,Sara,Davis,86.09,74.0
Business,S4383,John,Smith,84.3,74.0
Business,S4385,Emma,Davis,81.25,74.0
Business,S4386,Ali,Smith,88.6,74.0
Business,S4390,Liam,Davis,84.9,74.0
Business,S4392,Sara,Davis,77.6,74.0
Business,S4400,Liam,Johnson,93.48,74.0
Business,S4434,Liam,Davis,79.93,74.0
Business,S4443,Maria,Williams,78.93,74.0
Business,S4463,Maria,Smith,91.94,74.0
Business,S4471,Omar,Johnson,82.02,74.0
Business,S4482,Ahmed,Jones,75.24,74.0
Business,S4485,Ahmed,Jones,74.5,74.0
Business,S4513,Liam,Johnson,77.89,74.0
Business,S4517,Ali,Davis,92.31,74.0
Business,S4523,Liam,Johnson,96.0,74.0
Business,S4538,Maria,Jones,77.47,74.0
Business,S4543,Sara,Smith,81.97,74.0
Business,S4552,Ali,Jones,99.17,74.0
Business,S4593,Ali,Williams,74.55,74.0
Business,S4596,Liam,Jones,91.05,74.0
Business,S4601,Maria,Johnson,91.24,74.0
Business,S4611,John,Jones,78.01,74.0
Business,S4617,Sara,Smith,74.11,74.0
Business,S4621,Emma,Smith,91.15,74.0
Business,S4623,Liam,Williams,89.88,74.0
Business,S4629,Liam,Jones,85.03,74.0
Business,S4633,Liam,Brown,74.04,74.0
Business,S4654,Sara,Johnson,80.84,74.0
Business,S4656,Ahmed,Jones,89.33,74.0
Business,S4661,Sara,Jones,94.08,74.0
Business,S4683,Emma,Johnson,88.01,74.0
Business,S4686,Ali,Smith,79.7,74.0
Business,S4687,Sara,Davis,90.61,74.0
Business,S4714,Ahmed,Jones,95.29,74.0
Business,S4718,Liam,Brown,80.61,74.0
Business,S4722,Maria,Jones,90.87,74.0
Business,S4724,John,Jones,94.09,74.0
Business,S4731,Maria,Smith,77.34,74.0
Business,S4737,Ahmed,Jones,90.18,74.0
Business,S4764,Omar,Johnson,78.84,74.0
Business,S4766,Liam,Johnson,95.79,74.0
Business,S4767,Ahmed,Johnson,92.46,74.0
Business,S4776,Ahmed,Brown,81.27,74.0
Business,S4790,Liam,Brown,78.96,74.0
Business,S4799,Ali,Brown,89.45,74.0
Business,S4810,Emma,Brown,78.08,74.0
Business,S4827,Omar,Johnson,74.11,74.0
Business,S4839,Emma,Brown,88.57,74.0
Business,S4848,Ali,Brown,88.18,74.0
Business,S4853,Omar,Williams,97.78,74.0
Business,S4863,Maria,Smith,97.43,74.0
Business,S4869,Emma,Johnson,94.42,74.0
Business,S4883,Maria,Johnson,79.49,74.0
Business,S4886,Emma,Brown,77.27,74.0
Business,S4894,Maria,Jones,79.45,74.0
Business,S4896,Omar,Williams,87.61,74.0
Business,S4905,Maria,Johnson,79.25,74.0
Business,S4907,Omar,Jones,94.54,74.0
Business,S4933,Maria,Brown,76.18,74.0
Business,S4945,Emma,Jones,89.9,74.0
Business,S4948,Ahmed,Johnson,92.64,74.0
Business,S4949,John,Brown,80.25,74.0
Business,S4952,Sara,Jones,75.33,74.0
Business,S4957,Ahmed,Brown,76.49,74.0
Business,S4968,Emma,Williams,87.15,74.0
Business,S4986,Maria,Davis,93.28,74.0
Business,S5010,Emma,Davis,87.49,74.0
Business,S5019,Maria,Brown,83.78,74.0
Business,S5030,Ali,Jones,79.26,74.0
Business,S5034,Omar,Davis,74.01,74.0
Business,S5042,Omar,Jones,84.87,74.0
Business,S5043,Liam,Johnson,75.64,74.0
Business,S5050,Liam,Johnson,78.47,74.0
Business,S5058,John,Johnson,87.98,74.0
Business,S5074,Sara,Williams,83.42,74.0
Business,S5080,Omar,Jones,78.19,74.0
Business,S5082,Omar,Brown,75.44,74.0
Business,S5083,Ali,Davis,87.04,74.0
Business,S5084,Ali,Brown,86.64,74.0
Business,S5097,Sara,Jones,88.66,74.0
Business,S5099,Emma,Brown,93.03,74.0
Business,S5102,Ali,Jones,95.48,74.0
Business,S5103,Sara,Brown,92.19,74.0
Business,S5112,Sara,Davis,99.94,74.0
Business,S5135,Ahmed,Jones,82.58,74.0
Business,S5146,Ahmed,Brown,74.74,74.0
Business,S5160,Omar,Jones,88.56,74.0
Business,S5168,Ali,Davis,89.48,74.0
Business,S5186,Sara,Brown,77.56,74.0
Business,S5202,Liam,Williams,77.09,74.0
Business,S5204,Sara,Jones,93.01,74.0
Business,S5214,John,Brown,81.1,74.0
Business,S5215,John,Jones,99.8,74.0
Business,S5232,Maria,Williams,95.07,74.0
Business,S5244,Liam,Jones,81.87,74.0
Business,S5255,Maria,Brown,74.32,74.0
Business,S5266,Ali,Williams,89.41,74.0
Business,S5269,Maria,Smith,88.34,74.0
Business,S5296,Sara,Brown,95.12,74.0
Business,S5305,Maria,Jones,79.42,74.0
Business,S5319,John,Davis,99.98,74.0
Business,S5322,Liam,Johnson,87.02,74.0
Business,S5328,John,Brown,82.12,74.0
Business,S5333,Ali,Williams,86.43,74.0
Business,S5334,Maria,Davis,92.64,74.0
Business,S5342,Maria,Smith,80.79,74.0
Business,S5352,Omar,Johnson,93.42,74.0
Business,S5364,John,Williams,99.47,74.0
Business,S5366,Ahmed,Davis,76.44,74.0
Business,S5390,Liam,Smith,76.66,74.0
Business,S5392,Emma,Johnson,75.83,74.0
Business,S5397,Emma,Davis,93.84,74.0
Business,S5399,John,Jones,94.33,74.0
Business,S5408,Liam,Williams,96.69,74.0
Business,S5415,Ali,Williams,83.33,74.0
Business,S5432,Omar,Smith,94.22,74.0
Business,S5436,Omar,Brown,80.89,74.0
Business,S5443,Maria,Williams,92.3,74.0
Business,S5456,John,Jones,79.72,74.0
Business,S5460,Emma,Davis,96.16,74.0
Business,S5464,Maria,Jones,80.13,74.0
Business,S5465,Maria,Johnson,90.17,74.0
Business,S5477,Liam,Johnson,93.46,74.0
Business,S5495,Ahmed,Johnson,74.95,74.0
Business,S5498,Ali,Smith,74.86,74.0
Business,S5510,Ali,Davis,76.93,74.0
Business,S5525,Maria,Johnson,87.4,74.0
Business,S5530,John,Smith,98.94,74.0
Business,S5536,Maria,Brown,99.72,74.0
Business,S5539,Maria,Davis,80.83,74.0
Business,S5549,Liam,Brown,86.83,74.0
Business,S5554,Ali,Smith,96.6,74.0
Business,S5566,Sara,Smith,74.8,74.0
Business,S5569,John,Williams,93.46,74.0
Business,S5574,Ahmed,Davis,89.41,74.0
Business,S5575,Ahmed,Johnson,82.79,74.0
Business,S5582,Ahmed,Williams,86.24,74.0
Business,S5594,John,Davis,92.7,74.0
Business,S5601,Ahmed,Johnson,83.86,74.0
Business,S5606,John,Johnson,78.69,74.0
Business,S5609,Ali,Davis,99.42,74.0
Business,S5617,Ahmed,Davis,74.68,74.0
Business,S5625,Liam,Johnson,87.16,74.0
Business,S5626,John,Jones,94.28,74.0
Business,S5629,John,Smith,80.59,74.0
Business,S5646,Liam,Smith,98.23,74.0
Business,S5662,Omar,Davis,98.43,74.0
Business,S5681,Ali,Smith,83.47,74.0
Business,S5685,John,Jones,97.06,74.0
Business,S5695,John,Johnson,83.53,74.0
Business,S5698,Sara,Smith,90.4,74.0
Business,S5700,Sara,Johnson,99.34,74.0
Business,S5702,Emma,Johnson,86.43,74.0
Business,S5729,Omar,Brown,99.15,74.0
Business,S5766,Omar,Williams,99.33,74.0
Business,S5771,Liam,Johnson,88.84,74.0
Business,S5775,Emma,Williams,82.95,74.0
Business,S5791,Omar,Smith,97.76,74.0
Business,S5794,Ahmed,Davis,94.64,74.0
Business,S5800,John,Williams,82.85,74.0
Business,S5810,Ahmed,Brown,95.4,74.0
Business,S5814,Maria,Brown,77.22,74.0
Business,S5817,Emma,Johnson,85.74,74.0
Business,S5819,Omar,Johnson,92.53,74.0
Business,S5871,Ali,Smith,79.18,74.0
Business,S5882,Sara,Davis,83.54,74.0
Business,S5893,Ahmed,Brown,75.92,74.0
Business,S5896,Ali,Williams,89.42,74.0
Business,S5909,Omar,Smith,93.9,74.0
Business,S5912,John,Brown,82.35,74.0
Business,S5928,Sara,Davis,82.2,74.0
Business,S5931,Omar,Johnson,81.22,74.0
Business,S5943,John,Williams,78.16,74.0
Business,S5948,Ahmed,Jones,87.95,74.0
Business,S5953,Emma,Jones,75.99,74.0
Business,S5957,Ahmed,Brown,84.27,74.0
Business,S5958,Ali,Johnson,89.11,74.0
Business,S5960,Maria,Jones,94.82,74.0
Business,S5964,Maria,Johnson,93.67,74.0
Business,S5981,John,Davis,83.89,74.0
Business,S5989,Liam,Brown,99.29,74.0
CS,S1004,John,Smith,90.91,75.07
CS,S1014,Liam,Williams,89.28,75.07
CS,S1015,Ahmed,Jones,88.29,75.07
CS,S1034,Emma,Davis,99.42,75.07
CS,S1045,Maria,Brown,99.3,75.07
CS,S1052,John,Brown,99.26,75.07
CS,S1057,Ali,Johnson,92.47,75.07
CS,S1063,Ali,Davis,77.59,75.07
CS,S1065,Sara,Williams,80.74,75.07
CS,S1068,Maria,Davis,94.98,75.07
CS,S1070,Sara,Jones,89.67,75.07
CS,S1085,John,Johnson,94.95,75.07
CS,S1087,Ali,Johnson,82.65,75.07
CS,S1133,Ahmed,Davis,76.69,75.07
CS,S1134,Omar,Johnson,87.9,75.07
CS,S1144,Liam,Jones,83.47,75.07
CS,S1145,Omar,Johnson,82.0,75.07
CS,S1146,John,Johnson,80.24,75.07
CS,S1150,John,Johnson,86.11,75.07
CS,S1188,Omar,Jones,84.11,75.07
CS,S1190,Omar,Jones,82.13,75.07
CS,S1193,Omar,Brown,83.85,75.07
CS,S1196,Sara,Brown,97.85,75.07
CS,S1198,Ahmed,Davis,85.69,75.07
CS,S1199,John,Smith,87.7,75.07
CS,S1200,Omar,Jones,75.2,75.07
CS,S1216,Maria,Brown,88.86,75.07
CS,S1219,Omar,Smith,82.17,75.07
CS,S1220,John,Jones,98.32,75.07
CS,S1242,Maria,Brown,90.16,75.07
CS,S1247,Ali,Brown,82.66,75.07
CS,S1248,Ali,Davis,97.26,75.07
CS,S1251,Ali,Brown,85.02,75.07
CS,S1287,Ahmed,Brown,78.52,75.07
CS,S1288,Ali,Johnson,90.44,75.07
CS,S1297,Omar,Johnson,78.18,75.07
CS,S1306,Maria,Johnson,96.19,75.07
CS,S1314,John,Smith,81.38,75.07
CS,S1320,Liam,Jones,99.65,75.07
CS,S1323,Sara,Smith,92.14,75.07
CS,S1333,John,Smith,88.57,75.07
CS,S1337,John,Brown,77.77,75.07
CS,S1338,Maria,Jones,93.52,75.07
CS,S1362,Ali,Jones,91.67,75.07
CS,S1364,Omar,Williams,86.06,75.07
CS,S1367,Sara,Brown,91.12,75.07
CS,S1369,Omar,Williams,85.34,75.07
CS,S1378,Sara,Smith,91.42,75.07
CS,S1381,Emma,Johnson,76.7,75.07
CS,S1385,Liam,Brown,95.36,75.07
CS,S1390,John,Smith,93.36,75.07
CS,S1409,Emma,Jones,80.92,75.07
CS,S1410,John,Davis,80.08,75.07
CS,S1419,Emma,Smith,89.37,75.07
CS,S1420,Sara,Smith,93.77,75.07
CS,S1421,Sara,Williams,98.14,75.07
CS,S1430,Ali,Williams,79.79,75.07
CS,S1446,John,Davis,77.42,75.07
CS,S1450,Emma,Jones,83.04,75.07
CS,S1452,Emma,Jones,80.35,75.07
CS,S1476,Ali,Jones,78.46,75.07
CS,S1496,John,Jones,93.46,75.07
CS,S1500,Omar,Smith,90.99,75.07
CS,S1504,Omar,Williams,88.63,75.07
CS,S1509,Sara,Williams,79.14,75.07
CS,S1532,Ali,Smith,96.85,75.07
CS,S1533,Ali,Johnson,85.45,75.07
CS,S1535,Emma,Jones,80.0,75.07
CS,S1541,Sara,Smith,86.61,75.07
CS,S1544,Ali,Johnson,86.46,75.07
CS,S1546,Ahmed,Smith,81.41,75.07
CS,S1551,Maria,Jones,88.76,75.07
CS,S1579,Sara,Davis,90.31,75.07
CS,S1587,John,Williams,84.69,75.07
CS,S1590,Ali,Brown,96.26,75.07
CS,S1600,Ahmed,Brown,85.86,75.07
CS,S1610,Ahmed,Brown,82.16,75.07
CS,S1640,Emma,Davis,80.54,75.07
CS,S1643,Ali,Williams,84.66,75.07
CS,S1645,Ahmed,Brown,83.93,75.07
CS,S1650,Omar,Smith,76.91,75.07
CS,S1655,Ahmed,Johnson,80.33,75.07
CS,S1661,John,Davis,98.29,75.07
CS,S1666,Emma,Smith,95.73,75.07
CS,S1671,Emma,Smith,82.05,75.07
CS,S1673,Emma,Smith,84.64,75.07
CS,S1675,Ahmed,Brown,85.5,75.07
CS,S1704,Ahmed,Smith,87.34,75.07
CS,S1727,John,Smith,77.74,75.07
CS,S1732,Ali,Jones,84.46,75.07
CS,S1733,Liam,Williams,84.21,75.07
CS,S1738,Ahmed,Williams,99.64,75.07
CS,S1760,Maria,Smith,86.84,75.07
CS,S1763,Sara,Davis,85.31,75.07
CS,S1776,Ali,Jones,75.64,75.07
CS,S1793,Maria,Davis,88.95,75.07
CS,S1795,Omar,Williams,80.18,75.07
CS,S1802,Ali,Smith,96.61,75.07
CS,S1807,Ali,Johnson,96.05,75.07
CS,S1825,Maria,Williams,85.68,75.07
CS,S1847,Sara,Williams,80.54,75.07
CS,S1851,Sara,Davis,98.14,75.07
CS,S1859,Omar,Smith,88.23,75.07
CS,S1861,Ali,Davis,92.17,75.07
CS,S1863,Sara,Williams,85.17,75.07
CS,S1865,Ali,Williams,80.6,75.07
CS,S1868,Omar,Jones,97.37,75.07
CS,S1869,Emma,Brown,91.8,75.07
CS,S1874,Sara,Johnson,87.76,75.07
CS,S1887,Emma,Brown,98.13,75.07
CS,S1890,Omar,Jones,94.96,75.07
CS,S1892,Ali,Smith,81.72,75.07
CS,S1893,Ahmed,Smith,76.49,75.07
CS,S1896,Emma,Smith,80.32,75.07
CS,S1897,Maria,Johnson,91.1,75.07
CS,S1898,Omar,Brown,84.43,75.07
CS,S1911,Ahmed,Williams,76.53,75.07
CS,S1916,Sara,Brown,83.36,75.07
CS,S1919,Liam,Williams,83.27,75.07
CS,S1920,Ahmed,Smith,85.17,75.07
CS,S1922,Ali,Johnson,84.66,75.07
CS,S1926,Ahmed,Williams,84.84,75.07
CS,S1932,Ali,Jones,90.21,75.07
CS,S1940,Maria,Williams,88.35,75.07
CS,S1943,Ahmed,Jones,99.75,75.07
CS,S1974,Maria,Smith,85.03,75.07
CS,S1980,Maria,Jones,83.39,75.07
CS,S1981,Liam,Smith,88.36,75.07
CS,S1982,Maria,Johnson,79.09,75.07
CS,S1989,Liam,Williams,86.26,75.07
CS,S2001,Omar,Davis,84.6,75.07
CS,S2003,Ali,Johnson,77.52,75.07
CS,S2004,Ali,Smith,80.9,75.07
CS,S2023,Sara,Jones,85.05,75.07
CS,S2029,Ahmed,Johnson,96.49,75.07
CS,S2036,Liam,Jones,99.13,75.07
CS,S2040,Ahmed,Brown,83.39,75.07
CS,S2042,Omar,Johnson,83.1,75.07
CS,S2043,Ali,Smith,75.71,75.07
CS,S2054,Ali,Johnson,92.67,75.07
CS,S2057,Omar,Johnson,84.43,75.07
CS,S2058,Emma,Smith,98.25,75.07
CS,S2061,Ahmed,Jones,93.52,75.07
CS,S2062,Omar,Smith,86.95,75.07
CS,S2070,Ahmed,Jones,76.96,75.07
CS,S2072,Sara,Smith,76.35,75.07
CS,S2076,Emma,Smith,79.98,75.07
CS,S2081,Ahmed,Jones,91.13,75.07
CS,S2104,Emma,Johnson,78.34,75.07
CS,S2107,Emma,Brown,75.24,75.07
CS,S2113,Omar,Davis,88.22,75.07
CS,S2120,Sara,Jones,99.08,75.07
CS,S2124,Emma,Smith,95.5,75.07
CS,S2131,Sara,Johnson,96.78,75.07
CS,S2134,John,Jones,75.24,75.07
CS,S2141,Ali,Jones,78.65,75.07
CS,S2149,Ali,Smith,79.44,75.07
CS,S2152,Maria,Smith,86.7,75.07
CS,S2183,Maria,Jones,84.13,75.07
CS,S2186,Liam,Johnson,75.85,75.07
CS,S2225,Emma,Brown,99.3,75.07
CS,S2239,John,Brown,91.96,75.07
CS,S2262,Omar,Brown,78.91,75.07
CS,S2271,Emma,Johnson,81.12,75.07
CS,S2273,John,Jones,87.45,75.07
CS,S2274,Omar,Davis,76.05,75.07
CS,S2279,Maria,Jones,86.83,75.07
CS,S2289,Ali,Davis,81.39,75.07
CS,S2308,Ali,Davis,94.02,75.07
CS,S2310,John,Davis,93.51,75.07
CS,S2313,Ahmed,Davis,78.81,75.07
CS,S2316,Sara,Jones,84.06,75.07
CS,S2321,John,Brown,77.83,75.07
CS,S2324,Ahmed,Jones,85.52,75.07
CS,S2327,Ahmed,Brown,84.56,75.07
CS,S2340,Omar,Williams,94.38,75.07
CS,S2343,Ali,Davis,99.42,75.07
CS,S2355,Maria,Smith,99.73,75.07
CS,S2356,Maria,Davis,89.91,75.07
CS,S2357,John,Jones,75.76,75.07
CS,S2368,Ali,Jones,91.66,75.07
CS,S2373,Sara,Smith,93.47,75.07
CS,S2385,Maria,Williams,97.6,75.07
CS,S2392,Liam,Williams,78.03,75.07
CS,S2396,John,Jones,83.54,75.07
CS,S2404,Sara,Jones,97.3,75.07
CS,S2414,Sara,Williams,82.93,75.07
CS,S2423,Omar,Brown,80.14,75.07
CS,S2436,Emma,Johnson,83.03,75.07
CS,S2438,Liam,Davis,78.34,75.07
CS,S2443,John,Jones,85.36,75.07
CS,S2450,Liam,Davis,78.61,75.07
CS,S2454,Ali,Smith,94.34,75.07
CS,S2467,Emma,Williams,95.6,75.07
CS,S2474,Liam,Williams,84.8,75.07
CS,S2489,Ali,Brown,93.26,75.07
CS,S2505,John,Jones,96.35,75.07
CS,S2509,Maria,Brown,93.13,75.07
CS,S2520,Emma,Brown,92.11,75.07
CS,S2521,Ali,Smith,76.18,75.07
CS,S2526,Omar,Williams,96.95,75.07
CS,S2527,Ali,Davis,89.8,75.07
CS,S2532,Sara,Johnson,99.69,75.07
CS,S2534,John,Williams,97.63,75.07
CS,S2550,Ahmed,Davis,98.14,75.07
CS,S2556,Sara,Jones,78.62,75.07
CS,S2568,John,Brown,93.62,75.07
CS,S2571,Liam,Jones,84.0,75.07
CS,S2573,Emma,Johnson,96.59,75.07
CS,S2583,Liam,Johnson,87.04,75.07
CS,S2597,Ahmed,Smith,92.32,75.07
CS,S2616,Omar,Davis,95.87,75.07
CS,S2619,Ahmed,Smith,77.85,75.07
CS,S2648,Ali,Davis,95.04,75.07
CS,S2650,John,Smith,87.64,75.07
CS,S2666,Liam,Davis,96.05,75.07
CS,S2674,Ali,Johnson,75.28,75.07
CS,S2681,Sara,Davis,87.48,75.07
CS,S2693,Omar,Johnson,80.6,75.07
CS,S2699,Liam,Smith,94.08,75.07
CS,S2708,Liam,Jones,98.35,75.07
CS,S2715,Liam,Davis,98.01,75.07
CS,S2726,Maria,Davis,80.5,75.07
CS,S2727,Ali,Smith,81.81,75.07
CS,S2732,Omar,Smith,85.87,75.07
CS,S2736,Ahmed,Johnson,90.21,75.07
CS,S2741,Sara,Davis,92.35,75.07
CS,S2744,Emma,Williams,99.97,75.07
CS,S2747,Ali,Smith,83.49,75.07
CS,S2770,John,Williams,81.23,75.07
CS,S2780,Emma,Smith,90.81,75.07
CS,S2782,Liam,Williams,92.28,75.07
CS,S2795,Sara,Brown,92.52,75.07
CS,S2806,Maria,Johnson,85.97,75.07
CS,S2819,John,Davis,97.08,75.07
CS,S2827,Liam,Johnson,80.52,75.07
CS,S2828,Emma,Williams,89.97,75.07
CS,S2831,Ahmed,Davis,80.57,75.07
CS,S2832,Maria,Johnson,88.35,75.07
CS,S2840,Sara,Williams,83.01,75.07
CS,S2842,Liam,Williams,96.91,75.07
CS,S2843,John,Smith,95.48,75.07
CS,S2848,Ali,Brown,95.34,75.07
CS,S2849,Sara,Johnson,84.48,75.07
CS,S2854,Liam,Brown,94.88,75.07
CS,S2862,John,Jones,79.19,75.07
CS,S2874,Sara,Jones,84.67,75.07
CS,S2886,Sara,Smith,82.44,75.07
CS,S2888,Omar,Brown,80.15,75.07
CS,S2899,Sara,Smith,84.12,75.07
CS,S2913,Emma,Jones,86.0,75.07
CS,S2919,Ali,Williams,85.07,75.07
CS,S2920,John,Davis,94.32,75.07
CS,S2923,John,Brown,82.42,75.07
CS,S2926,Ahmed,Jones,83.33,75.07
CS,S2936,John,Jones,88.19,75.07
CS,S2945,Liam,Smith,92.61,75.07
CS,S2949,Omar,Johnson,77.83,75.07
CS,S2954,John,Williams,77.52,75.07
CS,S2955,Ali,Jones,90.59,75.07
CS,S2961,Ali,Jones,97.17,75.07
CS,S2964,Ahmed,Smith,81.16,75.07
CS,S2965,Ali,Davis,92.87,75.07
CS,S2971,Ahmed,Jones,76.51,75.07
CS,S2980,Ahmed,Davis,95.0,75.07
CS,S2982,Maria,Davis,75.91,75.07
CS,S2990,Maria,Brown,78.51,75.07
CS,S2997,Ali,Smith,93.32,75.07
CS,S3001,Maria,Jones,87.35,75.07
CS,S3009,Ali,Williams,90.55,75.07
CS,S3011,Ahmed,Brown,99.7,75.07
CS,S3013,Liam,Johnson,85.83,75.07
CS,S3017,Sara,Smith,94.88,75.07
CS,S3019,Maria,Johnson,86.53,75.07
CS,S3020,Omar,Smith,77.0,75.07
CS,S3027,Liam,Jones,91.47,75.07
CS,S3039,Omar,Williams,91.65,75.07
CS,S3041,Omar,Williams,88.03,75.07
CS,S3048,Omar,Jones,88.63,75.07
CS,S3054,Omar,Johnson,99.39,75.07
CS,S3058,Sara,Jones,89.59,75.07
CS,S3061,Emma,Williams,92.19,75.07
CS,S3081,Maria,Davis,81.61,75.07
CS,S3083,Emma,Williams,96.42,75.07
CS,S3089,Ahmed,Brown,95.36,75.07
CS,S3096,Sara,Williams,81.51,75.07
CS,S3104,Liam,Johnson,92.23,75.07
CS,S3131,Ali,Davis,82.55,75.07
CS,S3136,Emma,Davis,80.44,75.07
CS,S3170,John,Brown,98.93,75.07
CS,S3188,Sara,Smith,81.08,75.07
CS,S3192,Sara,Johnson,97.86,75.07
CS,S3211,John,Brown,84.95,75.07
CS,S3213,John,Jones,93.54,75.07
CS,S3231,Ahmed,Jones,79.8,75.07
CS,S3234,Ali,Jones,85.02,75.07
CS,S3238,Maria,Jones,82.62,75.07
CS,S3243,Sara,Brown,79.4,75.07
CS,S3247,Omar,Davis,86.82,75.07
CS,S3248,Liam,Davis,91.49,75.07
CS,S3254,Liam,Johnson,75.12,75.07
CS,S3279,John,Williams,75.84,75.07
CS,S3286,John,Johnson,96.24,75.07
CS,S3287,Ahmed,Brown,86.86,75.07
CS,S3293,Liam,Williams,99.72,75.07
CS,S3298,John,Brown,96.37,75.07
CS,S3308,Omar,Johnson,96.73,75.07
CS,S3309,John,Brown,81.86,75.07
CS,S3324,John,Davis,88.69,75.07
CS,S3325,Ahmed,Johnson,85.14,75.07
CS,S3331,Sara,Brown,93.3,75.07
CS,S3336,Omar,Johnson,99.34,75.07
CS,S3339,Ahmed,Smith,94.18,75.07
CS,S3342,Ali,Davis,82.16,75.07
CS,S3352,John,Williams,93.69,75.07
CS,S3353,Liam,Smith,79.47,75.07
CS,S3356,Emma,Smith,94.88,75.07
CS,S3370,Maria,Williams,94.22,75.07
CS,S3381,Ali,Jones,95.85,75.07
CS,S3392,Liam,Johnson,92.3,75.07
CS,S3394,Ahmed,Brown,83.86,75.07
CS,S3395,Maria,Davis,89.6,75.07
CS,S3398,John,Jones,84.33,75.07
CS,S3406,Emma,Jones,94.16,75.07
CS,S3417,Sara,Jones,93.85,75.07
CS,S3419,Maria,Davis,81.44,75.07
CS,S3431,Liam,Davis,81.14,75.07
CS,S3437,John,Brown,97.61,75.07
CS,S3438,John,Williams,95.8,75.07
CS,S3441,Emma,Smith,97.53,75.07
CS,S3458,Ali,Smith,76.07,75.07
CS,S3485,John,Jones,79.3,75.07
CS,S3492,Liam,Brown,80.08,75.07
CS,S3530,Sara,Smith,85.1,75.07
CS,S3545,Ali,Davis,97.73,75.07
CS,S3546,Liam,Davis,82.9,75.07
CS,S3557,Omar,Williams,87.96,75.07
CS,S3568,Maria,Jones,94.16,75.07
CS,S3575,Emma,Jones,85.23,75.07
CS,S3578,Maria,Smith,89.36,75.07
CS,S3598,John,Jones,99.11,75.07
CS,S3607,Ali,Smith,86.53,75.07
CS,S3611,Liam,Brown,98.14,75.07
CS,S3613,Maria,Jones,99.78,75.07
CS,S3622,Maria,Brown,80.82,75.07
CS,S3624,Maria,Davis,95.53,75.07
CS,S3631,Omar,Smith,97.38,75.07
CS,S3643,Ali,Jones,92.26,75.07
CS,S3644,Ahmed,Brown,96.25,75.07
CS,S3645,John,Johnson,83.47,75.07
CS,S3655,Ahmed,Johnson,85.11,75.07
CS,S3665,Ahmed,Williams,88.34,75.07
CS,S3666,Liam,Williams,76.45,75.07
CS,S3674,John,Williams,88.6,75.07
CS,S3676,Ahmed,Brown,77.26,75.07
CS,S3677,Emma,Jones,83.88,75.07
CS,S3686,Omar,Williams,95.98,75.07
CS,S3687,Sara,Johnson,87.13,75.07
CS,S3692,Maria,Johnson,93.03,75.07
CS,S3701,John,Davis,78.34,75.07
CS,S3702,Liam,Davis,83.15,75.07
CS,S3705,Sara,Williams,93.72,75.07
CS,S3710,Sara,Davis,94.78,75.07
CS,S3712,Sara,Johnson,98.98,75.07
CS,S3736,Omar,Williams,82.4,75.07
CS,S3742,Omar,Smith,77.96,75.07
CS,S3761,Ali,Jones,93.73,75.07
CS,S3765,Maria,Brown,99.56,75.07
CS,S3766,Sara,Williams,85.07,75.07
CS,S3782,John,Williams,77.09,75.07
CS,S3787,Ahmed,Williams,92.92,75.07
CS,S3790,Emma,Davis,75.35,75.07
CS,S3795,Liam,Johnson,92.5,75.07
CS,S3804,Ali,Smith,95.46,75.07
CS,S3806,Ahmed,Davis,81.12,75.07
CS,S3807,Omar,Jones,98.88,75.07
CS,S3809,Maria,Smith,76.25,75.07
CS,S3825,Emma,Smith,93.31,75.07
CS,S3826,Sara,Smith,89.2,75.07
CS,S3830,Maria,Davis,99.99,75.07
CS,S3831,Sara,Smith,90.56,75.07
CS,S3838,Ahmed,Smith,90.77,75.07
CS,S3843,John,Davis,89.02,75.07
CS,S3847,Maria,Brown,93.74,75.07
CS,S3854,Sara,Brown,92.17,75.07
CS,S3857,Ahmed,Davis,99.64,75.07
CS,S3877,Maria,Jones,94.59,75.07
CS,S3880,Sara,Williams,87.24,75.07
CS,S3886,Liam,Davis,90.1,75.07
CS,S3890,Emma,Smith,86.82,75.07
CS,S3897,John,Johnson,90.32,75.07
CS,S3898,Sara,Brown,95.4,75.07
CS,S3912,Emma,Johnson,84.52,75.07
CS,S3942,Ali,Johnson,75.78,75.07
CS,S3945,Sara,Smith,93.5,75.07
CS,S3979,Ali,Smith,93.49,75.07
CS,S3982,Ali,Smith,86.76,75.07
CS,S3986,Sara,Jones,91.22,75.07
CS,S3994,Emma,Williams,87.35,75.07
CS,S4000,Liam,Williams,76.98,75.07
CS,S4029,John,Jones,86.95,75.07
CS,S4036,Ali,Williams,89.82,75.07
CS,S4037,Maria,Johnson,80.47,75.07
CS,S4039,John,Davis,85.66,75.07
CS,S4040,Omar,Smith,88.5,75.07
CS,S4053,Emma,Smith,90.32,75.07
CS,S4059,Liam,Brown,89.77,75.07
CS,S4063,Emma,Jones,96.18,75.07
CS,S4075,Maria,Williams,91.66,75.07
CS,S4086,Sara,Brown,89.3,75.07
CS,S4106,Emma,Jones,92.5,75.07
CS,S4110,Ali,Davis,90.46,75.07
CS,S4115,Ali,Williams,97.82,75.07
CS,S4119,Liam,Williams,89.44,75.07
CS,S4120,Liam,Davis,78.34,75.07
CS,S4121,Ali,Williams,96.03,75.07
CS,S4141,Ahmed,Williams,94.61,75.07
CS,S4145,Maria,Williams,88.61,75.07
CS,S4152,Liam,Johnson,98.93,75.07
CS,S4156,Maria,Johnson,91.95,75.07
CS,S4165,Ali,Williams,85.09,75.07
CS,S4184,Maria,Smith,78.4,75.07
CS,S4188,Sara,Davis,92.85,75.07
CS,S4196,Liam,Smith,94.64,75.07
CS,S4200,John,Smith,91.56,75.07
CS,S4214,Ahmed,Williams,90.62,75.07
CS,S4229,Emma,Johnson,95.02,75.07
CS,S4236,Ali,Jones,84.18,75.07
CS,S4243,Emma,Jones,81.14,75.07
CS,S4246,Maria,Davis,77.02,75.07
CS,S4252,Ali,Johnson,77.45,75.07
CS,S4269,Emma,Jones,75.91,75.07
CS,S4273,John,Williams,95.73,75.07
CS,S4295,Maria,Smith,94.74,75.07
CS,S4296,Emma,Jones,76.62,75.07
CS,S4303,Omar,Davis,97.73,75.07
CS,S4307,Ali,Jones,83.61,75.07
CS,S4316,Maria,Brown,75.89,75.07
CS,S4321,Sara,Williams,84.05,75.07
CS,S4325,Emma,Johnson,80.13,75.07
CS,S4331,Maria,Johnson,93.49,75.07
CS,S4345,Emma,Johnson,87.94,75.07
CS,S4351,Emma,Johnson,75.4,75.07
CS,S4359,John,Smith,78.24,75.07
CS,S4362,Maria,Smith,99.4,75.07
CS,S4363,Sara,Brown,89.28,75.07
CS,S4366,Ali,Jones,85.91,75.07
CS,S4375,Ali,Williams,77.62,75.07
CS,S4379,Emma,Davis,76.36,75.07
CS,S4397,Ahmed,Williams,80.52,75.07
CS,S4411,Omar,Williams,99.99,75.07
CS,S4412,Emma,Williams,85.54,75.07
CS,S4437,Omar,Smith,88.41,75.07
CS,S4448,Liam,Davis,91.29,75.07
CS,S4451,Ali,Davis,80.7,75.07
CS,S4456,Ali,Johnson,92.21,75.07
CS,S4459,Maria,Jones,86.69,75.07
CS,S4470,Maria,Williams,87.98,75.07
CS,S4477,John,Brown,96.66,75.07
CS,S4491,Ahmed,Davis,88.28,75.07
CS,S4493,Emma,Johnson,91.59,75.07
CS,S4495,Ahmed,Williams,87.55,75.07
CS,S4499,Liam,Smith,83.06,75.07
CS,S4504,Ahmed,Williams,82.12,75.07
CS,S4506,Sara,Smith,79.63,75.07
CS,S4520,Omar,Smith,92.56,75.07
CS,S4526,Sara,Smith,75.37,75.07
CS,S4541,Sara,Davis,87.05,75.07
CS,S4548,Ali,Williams,88.94,75.07
CS,S4551,Ali,Smith,76.23,75.07
CS,S4567,Omar,Johnson,97.94,75.07
CS,S4574,Omar,Jones,91.03,75.07
CS,S4578,Liam,Johnson,85.7,75.07
CS,S4580,John,Brown,87.65,75.07
CS,S4581,Ahmed,Jones,76.25,75.07
CS,S4591,Omar,Williams,92.29,75.07
CS,S4614,Maria,Smith,91.86,75.07
CS,S4618,Ahmed,Brown,78.2,75.07
CS,S4619,Ahmed,Smith,88.53,75.07
CS,S4630,Maria,Davis,85.73,75.07
CS,S4635,Liam,Davis,78.08,75.07
CS,S4640,Sara,Johnson,92.32,75.07
CS,S4675,Ali,Davis,95.87,75.07
CS,S4692,Ahmed,Williams,86.59,75.07
CS,S4694,Liam,Williams,86.51,75.07
CS,S4701,Sara,Brown,82.67,75.07
CS,S4726,Emma,Williams,98.38,75.07
CS,S4736,Ahmed,Johnson,97.84,75.07
CS,S4740,John,Williams,81.22,75.07
CS,S4744,John,Williams,92.6,75.07
CS,S4761,Emma,Smith,91.46,75.07
CS,S4763,Maria,Brown,79.35,75.07
CS,S4770,Sara,Smith,79.59,75.07
CS,S4798,Ahmed,Johnson,80.94,75.07
CS,S4800,Maria,Jones,86.38,75.07
CS,S4819,Omar,Davis,81.79,75.07
CS,S4821,Emma,Johnson,84.86,75.07
CS,S4830,Maria,Johnson,82.47,75.07
CS,S4833,Emma,Jones,85.29,75.07
CS,S4856,Emma,Brown,77.05,75.07
CS,S4879,John,Johnson,78.67,75.07
CS,S4890,Liam,Brown,84.86,75.07
CS,S4899,Ali,Davis,80.39,75.07
CS,S4901,Omar,Brown,76.82,75.07
CS,S4904,John,Smith,89.77,75.07
CS,S4908,John,Johnson,91.84,75.07
CS,S4909,Ali,Davis,98.2,75.07
CS,S4921,Omar,Williams,81.97,75.07
CS,S4939,John,Jones,93.58,75.07
CS,S4941,Emma,Johnson,79.33,75.07
CS,S4947,John,Johnson,87.69,75.07
CS,S4950,Ahmed,Williams,87.56,75.07
CS,S4951,John,Brown,88.81,75.07
CS,S4953,John,Davis,90.68,75.07
CS,S4954,Emma,Smith,89.61,75.07
CS,S4970,Maria,Jones,76.28,75.07
CS,S4975,John,Brown,82.07,75.07
CS,S4976,Ali,Brown,96.02,75.07
CS,S4999,Emma,Johnson,88.98,75.07
CS,S5003,Omar,Smith,88.88,75.07
CS,S5013,Ali,Williams,79.52,75.07
CS,S5018,Ahmed,Davis,86.19,75.07
CS,S5026,Ali,Jones,91.3,75.07
CS,S5048,Maria,Jones,96.04,75.07
CS,S5071,Ahmed,Smith,89.78,75.07
CS,S5078,Sara,Johnson,86.94,75.07
CS,S5086,Ahmed,Brown,81.59,75.07
CS,S5096,Ali,Brown,82.61,75.07
CS,S5110,Sara,Jones,80.98,75.07
CS,S5114,Liam,Johnson,77.62,75.07
CS,S5115,John,Davis,77.71,75.07
CS,S5118,Emma,Brown,78.27,75.07
CS,S5144,Liam,Jones,88.43,75.07
CS,S5153,Ahmed,Smith,77.71,75.07
CS,S5158,Sara,Davis,75.11,75.07
CS,S5167,Maria,Jones,80.11,75.07
CS,S5171,John,Jones,79.66,75.07
CS,S5172,Emma,Williams,94.69,75.07
CS,S5175,Omar,Johnson,76.66,75.07
CS,S5177,John,Johnson,85.49,75.07
CS,S5179,John,Smith,83.44,75.07
CS,S5185,Maria,Davis,86.12,75.07
CS,S5196,Omar,Smith,82.29,75.07
CS,S5198,Omar,Williams,95.78,75.07
CS,S5206,Maria,Smith,84.19,75.07
CS,S5221,Maria,Jones,78.2,75.07
CS,S5223,Omar,Smith,93.04,75.07
CS,S5233,Emma,Brown,75.58,75.07
CS,S5236,Emma,Williams,83.85,75.07
CS,S5243,Omar,Johnson,81.87,75.07
CS,S5247,Ahmed,Smith,75.29,75.07
CS,S5254,Maria,Davis,86.45,75.07
CS,S5259,John,Brown,79.9,75.07
CS,S5262,John,Jones,81.3,75.07
CS,S5265,John,Smith,81.92,75.07
CS,S5299,Maria,Davis,96.41,75.07
CS,S5303,Liam,Williams,85.52,75.07
CS,S5308,Emma,Davis,91.35,75.07
CS,S5311,John,Brown,78.52,75.07
CS,S5321,Omar,Williams,85.66,75.07
CS,S5323,Liam,Jones,83.98,75.07
CS,S5340,Liam,Smith,79.36,75.07
CS,S5343,Omar,Brown,75.17,75.07
CS,S5349,Ali,Davis,91.49,75.07
CS,S5359,Omar,Brown,93.08,75.07
CS,S5362,Omar,Williams,94.35,75.07
CS,S5376,John,Davis,81.46,75.07
CS,S5377,Maria,Johnson,83.04,75.07
CS,S5378,Ahmed,Jones,87.73,75.07
CS,S5379,Omar,Johnson,88.05,75.07
CS,S5381,John,Williams,87.78,75.07
CS,S5383,Emma,Davis,76.62,75.07
CS,S5384,John,Johnson,82.88,75.07
CS,S5393,Emma,Brown,95.81,75.07
CS,S5402,Emma,Williams,98.75,75.07
CS,S5410,Sara,Williams,88.3,75.07
CS,S5416,John,Brown,98.67,75.07
CS,S5419,John,Brown,82.01,75.07
CS,S5423,Maria,Williams,87.27,75.07
CS,S5431,Maria,Johnson,75.7,75.07
CS,S5435,John,Johnson,89.99,75.07
CS,S5437,Maria,Brown,86.52,75.07
CS,S5444,Liam,Williams,84.88,75.07
CS,S5450,Liam,Jones,92.12,75.07
CS,S5474,Omar,Williams,90.12,75.07
CS,S5482,Emma,Johnson,84.77,75.07
CS,S5488,Sara,Williams,88.28,75.07
CS,S5501,Ali,Jones,93.95,75.07
CS,S5502,Ahmed,Jones,75.26,75.07
CS,S5503,Ali,Smith,97.05,75.07
CS,S5542,Emma,Williams,98.67,75.07
CS,S5543,Maria,Johnson,75.4,75.07
CS,S5578,Liam,Williams,90.56,75.07
CS,S5613,Ali,Smith,95.2,75.07
CS,S5615,Ali,Johnson,89.67,75.07
CS,S5622,Ali,Johnson,89.02,75.07
CS,S5623,Omar,Davis,96.92,75.07
CS,S5647,Ali,Williams,80.38,75.07
CS,S5657,Emma,Davis,89.16,75.07
CS,S5660,Ahmed,Jones,81.69,75.07
CS,S5674,Sara,Jones,78.58,75.07
CS,S5677,Omar,Davis,75.45,75.07
CS,S5683,Maria,Smith,85.94,75.07
CS,S5713,Ahmed,Jones,78.96,75.07
CS,S5722,Emma,Johnson,92.33,75.07
CS,S5726,Ali,Davis,99.33,75.07
CS,S5739,Liam,Smith,82.04,75.07
CS,S5740,Ali,Williams,84.17,75.07
CS,S5751,Ali,Brown,97.71,75.07
CS,S5753,Emma,Williams,76.17,75.07
CS,S5761,John,Johnson,86.31,75.07
CS,S5763,Maria,Brown,94.23,75.07
CS,S5765,Ali,Jones,95.86,75.07
CS,S5770,Liam,Johnson,96.65,75.07
CS,S5778,Ali,Smith,83.58,75.07
CS,S5781,Sara,Jones,88.95,75.07
CS,S5783,Maria,Smith,95.93,75.07
CS,S5823,Sara,Brown,79.18,75.07
CS,S5829,John,Smith,98.05,75.07
CS,S5830,John,Brown,92.21,75.07
CS,S5874,Liam,Brown,97.02,75.07
CS,S5876,Maria,Smith,87.09,75.07
CS,S5891,Sara,Smith,96.74,75.07
CS,S5913,Ahmed,Davis,81.35,75.07
CS,S5919,Ahmed,Johnson,80.87,75.07
CS,S5920,Ali,Brown,91.92,75.07
CS,S5933,Liam,Jones,78.06,75.07
CS,S5935,Ahmed,Johnson,81.6,75.07
CS,S5956,Maria,Brown,96.23,75.07
CS,S5979,Maria,Davis,97.32,75.07
CS,S5995,Ahmed,Jones,83.6,75.07
CS,S5997,John,Brown,90.32,75.07
Engineering,S1002,Ahmed,Jones,93.55,75.33
Engineering,S1012,John,Davis,90.16,75.33
Engineering,S1027,Sara,Johnson,87.53,75.33
Engineering,S1031,Ali,Johnson,81.19,75.33
Engineering,S1033,Sara,Williams,76.55,75.33
Engineering,S1043,Liam,Williams,82.94,75.33
Engineering,S1049,Emma,Jones,94.04,75.33
Engineering,S1050,Omar,Jones,77.42,75.33
Engineering,S1051,Emma,Jones,92.62,75.33
Engineering,S1079,Maria,Smith,93.52,75.33
Engineering,S1088,Maria,Jones,99.55,75.33
Engineering,S1094,Emma,Williams,93.68,75.33
Engineering,S1110,Liam,Davis,82.68,75.33
Engineering,S1111,Omar,Smith,85.17,75.33
Engineering,S1115,Maria,Brown,84.26,75.33
Engineering,S1135,Ahmed,Johnson,78.97,75.33
Engineering,S1158,Ali,Williams,96.05,75.33
Engineering,S1182,Emma,Smith,88.31,75.33
Engineering,S1194,Omar,Williams,87.17,75.33
Engineering,S1210,Omar,Brown,80.34,75.33
Engineering,S1211,Omar,Smith,88.68,75.33
Engineering,S1214,John,Davis,99.27,75.33
Engineering,S1222,Emma,Jones,84.51,75.33
Engineering,S1223,Maria,Jones,75.61,75.33
Engineering,S1227,Emma,Smith,96.1,75.33
Engineering,S1236,Emma,Jones,78.47,75.33
Engineering,S1246,Ali,Jones,88.32,75.33
Engineering,S1270,Emma,Johnson,84.31,75.33
Engineering,S1271,Liam,Davis,84.35,75.33
Engineering,S1285,John,Williams,93.96,75.33
Engineering,S1292,Ali,Smith,88.8,75.33
Engineering,S1294,Sara,Brown,78.14,75.33
Engineering,S1295,Maria,Smith,97.9,75.33
Engineering,S1296,Emma,Brown,86.4,75.33
Engineering,S1298,Ahmed,Brown,80.58,75.33
Engineering,S1303,Emma,Williams,94.74,75.33
Engineering,S1304,Sara,Davis,97.25,75.33
Engineering,S1309,Emma,Jones,91.64,75.33
Engineering,S1316,John,Brown,86.85,75.33
Engineering,S1317,Ali,Williams,81.12,75.33
Engineering,S1319,Emma,Brown,85.49,75.33
Engineering,S1327,Omar,Jones,77.61,75.33
Engineering,S1340,John,Brown,78.72,75.33
Engineering,S1371,Liam,Smith,84.53,75.33
Engineering,S1373,Liam,Brown,85.13,75.33
Engineering,S1377,Ali,Smith,87.48,75.33
Engineering,S1388,Ali,Williams,91.55,75.33
Engineering,S1394,John,Johnson,83.98,75.33
Engineering,S1396,Liam,Johnson,87.45,75.33
Engineering,S1399,Ali,Jones,79.96,75.33
Engineering,S1411,Liam,Williams,98.48,75.33
Engineering,S1422,Emma,Jones,89.26,75.33
Engineering,S1426,Ali,Brown,86.98,75.33
Engineering,S1433,Liam,Johnson,96.94,75.33
Engineering,S1440,Ali,Johnson,84.57,75.33
Engineering,S1451,Emma,Williams,97.43,75.33
Engineering,S1468,Ahmed,Williams,82.42,75.33
Engineering,S1480,Maria,Brown,88.35,75.33
Engineering,S1487,Maria,Johnson,87.95,75.33
Engineering,S1489,Ahmed,Davis,89.63,75.33
Engineering,S1501,Ahmed,Davis,89.63,75.33
Engineering,S1508,Liam,Smith,94.6,75.33
Engineering,S1523,Omar,Brown,84.34,75.33
Engineering,S1531,Liam,Johnson,86.14,75.33
Engineering,S1536,Liam,Brown,94.43,75.33
Engineering,S1561,John,Williams,84.82,75.33
Engineering,S1567,Liam,Davis,84.88,75.33
Engineering,S1574,Omar,Jones,76.39,75.33
Engineering,S1591,Liam,Johnson,84.75,75.33
Engineering,S1599,Emma,Jones,94.05,75.33
Engineering,S1601,Liam,Jones,78.11,75.33
Engineering,S1602,Maria,Jones,96.88,75.33
Engineering,S1603,Emma,Davis,95.62,75.33
Engineering,S1615,John,Johnson,96.62,75.33
Engineering,S1618,Omar,Jones,79.05,75.33
Engineering,S1622,Omar,Davis,87.07,75.33
Engineering,S1623,Sara,Brown,95.44,75.33
Engineering,S1637,Omar,Smith,81.29,75.33
Engineering,S1649,Ahmed,Jones,90.96,75.33
Engineering,S1664,Ali,Brown,96.91,75.33
Engineering,S1676,Maria,Smith,77.74,75.33
Engineering,S1678,Sara,Johnson,90.19,75.33
Engineering,S1691,Emma,Smith,93.48,75.33
Engineering,S1701,Liam,Brown,78.37,75.33
Engineering,S1703,Liam,Smith,88.24,75.33
Engineering,S1707,Liam,Brown,83.23,75.33
Engineering,S1709,Liam,Johnson,81.45,75.33
Engineering,S1713,Maria,Brown,96.8,75.33
Engineering,S1714,Liam,Williams,91.68,75.33
Engineering,S1715,Liam,Davis,78.26,75.33
Engineering,S1721,John,Brown,92.01,75.33
Engineering,S1744,John,Brown,98.55,75.33
Engineering,S1747,Omar,Johnson,80.83,75.33
Engineering,S1766,Ahmed,Jones,84.82,75.33
Engineering,S1769,Ali,Smith,85.59,75.33
Engineering,S1772,Ali,Jones,84.79,75.33
Engineering,S1775,Ahmed,Davis,96.05,75.33
Engineering,S1777,Liam,Davis,81.41,75.33
Engineering,S1781,John,Johnson,90.53,75.33
Engineering,S1785,Ali,Jones,84.94,75.33
Engineering,S1786,Omar,Williams,76.57,75.33
Engineering,S1801,Emma,Johnson,85.13,75.33
Engineering,S1805,Maria,Davis,80.73,75.33
Engineering,S1826,John,Williams,89.68,75.33
Engineering,S1829,Liam,Smith,88.51,75.33
Engineering,S1839,Ahmed,Jones,85.81,75.33
Engineering,S1849,Emma,Williams,77.12,75.33
Engineering,S1891,Omar,Brown,94.54,75.33
Engineering,S1901,Maria,Davis,77.32,75.33
Engineering,S1902,Emma,Johnson,81.25,75.33
Engineering,S1912,Ahmed,Brown,86.22,75.33
Engineering,S1923,Omar,Williams,96.95,75.33
Engineering,S1929,Ali,Johnson,93.4,75.33
Engineering,S1938,Emma,Davis,93.29,75.33
Engineering,S1950,John,Johnson,81.49,75.33
Engineering,S1961,Ali,Johnson,89.42,75.33
Engineering,S1962,Emma,Davis,93.03,75.33
Engineering,S1966,Ahmed,Williams,96.21,75.33
Engineering,S1970,Liam,Smith,84.24,75.33
Engineering,S1971,Omar,Jones,98.24,75.33
Engineering,S1976,Liam,Brown,84.43,75.33
Engineering,S1992,Sara,Johnson,78.15,75.33
Engineering,S1998,Liam,Brown,92.38,75.33
Engineering,S2008,Maria,Jones,96.84,75.33
Engineering,S2010,Ahmed,Davis,90.66,75.33
Engineering,S2037,Omar,Smith,98.54,75.33
Engineering,S2046,John,Johnson,97.02,75.33
Engineering,S2065,John,Jones,93.14,75.33
Engineering,S2068,Ahmed,Smith,79.86,75.33
Engineering,S2074,Ali,Williams,79.8,75.33
Engineering,S2085,Ali,Smith,98.21,75.33
Engineering,S2108,Emma,Johnson,87.51,75.33
Engineering,S2109,John,Smith,90.16,75.33
Engineering,S2129,Sara,Smith,84.07,75.33
Engineering,S2147,Sara,Jones,77.69,75.33
Engineering,S2154,Liam,Smith,96.01,75.33
Engineering,S2171,John,Smith,81.19,75.33
Engineering,S2175,Omar,Davis,96.21,75.33
Engineering,S2204,Ahmed,Brown,84.59,75.33
Engineering,S2209,Ahmed,Johnson,91.21,75.33
Engineering,S2213,Emma,Brown,79.81,75.33
Engineering,S2214,Sara,Jones,82.76,75.33
Engineering,S2215,Ali,Williams,86.29,75.33
Engineering,S2216,Emma,Johnson,99.43,75.33
Engineering,S2219,John,Williams,92.61,75.33
Engineering,S2227,Liam,Brown,85.4,75.33
Engineering,S2233,Ali,Davis,85.92,75.33
Engineering,S2247,Emma,Johnson,99.89,75.33
Engineering,S2258,Liam,Jones,80.1,75.33
Engineering,S2265,John,Johnson,87.06,75.33
Engineering,S2268,Ahmed,Jones,77.98,75.33
Engineering,S2275,Liam,Davis,93.09,75.33
Engineering,S2276,Ali,Johnson,92.36,75.33
Engineering,S2288,Maria,Davis,83.9,75.33
Engineering,S2291,Ahmed,Johnson,87.4,75.33
Engineering,S2297,Ali,Johnson,86.58,75.33
Engineering,S2309,Maria,Williams,83.06,75.33
Engineering,S2319,John,Jones,88.47,75.33
Engineering,S2329,Ahmed,Jones,91.6,75.33
Engineering,S2330,Emma,Brown,80.49,75.33
Engineering,S2354,Sara,Williams,97.67,75.33
Engineering,S2366,John,Johnson,94.39,75.33
Engineering,S2371,John,Jones,82.43,75.33
Engineering,S2381,Maria,Williams,88.51,75.33
Engineering,S2393,Emma,Johnson,94.16,75.33
Engineering,S2405,Liam,Williams,77.4,75.33
Engineering,S2420,Ali,Jones,80.06,75.33
Engineering,S2452,Liam,Smith,82.71,75.33
Engineering,S2457,Maria,Davis,77.83,75.33
Engineering,S2470,Ahmed,Davis,89.35,75.33
Engineering,S2490,Ali,Williams,91.11,75.33
Engineering,S2493,Sara,Jones,92.81,75.33
Engineering,S2503,John,Williams,85.63,75.33
Engineering,S2519,Ahmed,Jones,85.81,75.33
Engineering,S2524,Ahmed,Davis,84.28,75.33
Engineering,S2539,Ahmed,Brown,78.33,75.33
Engineering,S2543,Ahmed,Jones,81.61,75.33
Engineering,S2547,Omar,Williams,95.07,75.33
Engineering,S2552,Omar,Johnson,86.67,75.33
Engineering,S2559,John,Jones,96.4,75.33
Engineering,S2566,Ahmed,Johnson,95.1,75.33
Engineering,S2577,Sara,Brown,97.38,75.33
Engineering,S2588,Omar,Jones,90.31,75.33
Engineering,S2591,John,Williams,98.07,75.33
Engineering,S2603,Ali,Jones,79.08,75.33
Engineering,S2609,John,Brown,88.25,75.33
Engineering,S2630,Omar,Brown,75.8,75.33
Engineering,S2639,Sara,Davis,89.4,75.33
Engineering,S2641,Ali,Brown,81.81,75.33
Engineering,S2657,John,Brown,90.84,75.33
Engineering,S2663,John,Brown,97.13,75.33
Engineering,S2670,Emma,Davis,95.15,75.33
Engineering,S2676,Omar,Smith,86.19,75.33
Engineering,S2682,Ahmed,Brown,80.15,75.33
Engineering,S2705,Liam,Davis,97.89,75.33
Engineering,S2717,John,Smith,87.65,75.33
Engineering,S2730,Emma,Smith,94.3,75.33
Engineering,S2734,Ali,Williams,81.87,75.33
Engineering,S2746,Maria,Brown,84.83,75.33
Engineering,S2749,Omar,Johnson,79.27,75.33
Engineering,S2753,Omar,Williams,83.1,75.33
Engineering,S2759,John,Jones,82.16,75.33
Engineering,S2765,Liam,Jones,91.3,75.33
Engineering,S2769,Ahmed,Smith,89.42,75.33
Engineering,S2777,John,Williams,98.4,75.33
Engineering,S2779,Liam,Williams,94.37,75.33
Engineering,S2781,Liam,Davis,97.9,75.33
Engineering,S2787,Maria,Jones,78.75,75.33
Engineering,S2788,Ahmed,Williams,85.34,75.33
Engineering,S2789,Emma,Brown,84.95,75.33
Engineering,S2792,Omar,Johnson,94.49,75.33
Engineering,S2804,Ahmed,Davis,85.58,75.33
Engineering,S2811,Ali,Brown,90.04,75.33
Engineering,S2817,Omar,Johnson,91.48,75.33
Engineering,S2821,Omar,Williams,98.96,75.33
Engineering,S2829,Ali,Johnson,79.77,75.33
Engineering,S2834,Maria,Johnson,86.85,75.33
Engineering,S2836,Emma,Johnson,99.32,75.33
Engineering,S2844,Emma,Williams,82.9,75.33
Engineering,S2865,Sara,Smith,84.56,75.33
Engineering,S2868,Ahmed,Jones,82.43,75.33
Engineering,S2870,Omar,Jones,83.47,75.33
Engineering,S2872,John,Brown,79.68,75.33
Engineering,S2873,Emma,Davis,83.44,75.33
Engineering,S2877,Sara,Davis,90.51,75.33
Engineering,S2885,Emma,Davis,75.59,75.33
Engineering,S2889,Ahmed,Brown,90.78,75.33
Engineering,S2891,Emma,Johnson,96.61,75.33
Engineering,S2896,Emma,Williams,99.26,75.33
Engineering,S2905,Sara,Johnson,92.61,75.33
Engineering,S2914,Liam,Smith,99.48,75.33
Engineering,S2915,Sara,Williams,78.3,75.33
Engineering,S2918,John,Brown,82.43,75.33
Engineering,S2934,Omar,Smith,88.19,75.33
Engineering,S2942,Emma,Davis,87.78,75.33
Engineering,S2975,Ali,Jones,78.04,75.33
Engineering,S2983,John,Johnson,89.02,75.33
Engineering,S2984,Emma,Smith,91.66,75.33
Engineering,S2985,Emma,Smith,82.42,75.33
Engineering,S2991,John,Davis,90.26,75.33
Engineering,S2992,John,Davis,79.28,75.33
Engineering,S2995,Ali,Johnson,78.9,75.33
Engineering,S2996,Sara,Brown,85.45,75.33
Engineering,S2998,Omar,Smith,98.38,75.33
Engineering,S3010,Omar,Brown,96.99,75.33
Engineering,S3018,Ali,Williams,97.82,75.33
Engineering,S3024,Ahmed,Davis,82.43,75.33
Engineering,S3025,Sara,Johnson,90.46,75.33
Engineering,S3059,Omar,Brown,75.52,75.33
Engineering,S3076,Maria,Johnson,79.74,75.33
Engineering,S3093,Sara,Jones,80.62,75.33
Engineering,S3094,Omar,Davis,88.31,75.33
Engineering,S3101,Ahmed,Williams,94.79,75.33
Engineering,S3113,Ali,Williams,82.32,75.33
Engineering,S3118,Ali,Jones,76.51,75.33
Engineering,S3124,Sara,Johnson,95.19,75.33
Engineering,S3125,Emma,Jones,80.49,75.33
Engineering,S3127,Omar,Johnson,80.9,75.33
Engineering,S3128,Omar,Davis,80.63,75.33
Engineering,S3133,Ali,Davis,94.65,75.33
Engineering,S3134,John,Smith,92.07,75.33
Engineering,S3142,Emma,Williams,90.31,75.33
Engineering,S3146,Ali,Davis,85.64,75.33
Engineering,S3159,Ahmed,Williams,90.28,75.33
Engineering,S3162,John,Jones,75.94,75.33
Engineering,S3173,Sara,Brown,83.82,75.33
Engineering,S3174,Ali,Davis,83.22,75.33
Engineering,S3176,Maria,Johnson,91.59,75.33
Engineering,S3178,John,Williams,85.27,75.33
Engineering,S3187,Emma,Jones,79.12,75.33
Engineering,S3191,Ali,Jones,99.66,75.33
Engineering,S3196,John,Jones,94.15,75.33
Engineering,S3204,Ali,Brown,93.18,75.33
Engineering,S3208,Sara,Williams,78.74,75.33
Engineering,S3217,Ali,Williams,75.63,75.33
Engineering,S3251,John,Brown,89.6,75.33
Engineering,S3256,Omar,Jones,96.81,75.33
Engineering,S3263,Sara,Brown,92.34,75.33
Engineering,S3272,Ali,Williams,99.52,75.33
Engineering,S3283,Liam,Brown,77.51,75.33
Engineering,S3314,John,Johnson,95.03,75.33
Engineering,S3318,John,Williams,84.38,75.33
Engineering,S3332,Emma,Davis,92.18,75.33
Engineering,S3359,Ali,Smith,99.57,75.33
Engineering,S3365,Omar,Johnson,83.29,75.33
Engineering,S3403,Ahmed,Brown,77.19,75.33
Engineering,S3414,Sara,Williams,76.74,75.33
Engineering,S3418,Ahmed,Williams,96.56,75.33
Engineering,S3428,Ahmed,Brown,81.94,75.33
Engineering,S3430,Maria,Smith,94.92,75.33
Engineering,S3432,Sara,Brown,86.39,75.33
Engineering,S3434,Emma,Jones,95.96,75.33
Engineering,S3442,Maria,Jones,99.21,75.33
Engineering,S3452,Emma,Brown,94.93,75.33
Engineering,S3464,Ahmed,Williams,84.8,75.33
Engineering,S3467,Ali,Brown,76.95,75.33
Engineering,S3468,Ali,Brown,96.06,75.33
Engineering,S3480,Ali,Johnson,76.67,75.33
Engineering,S3482,Ahmed,Smith,76.7,75.33
Engineering,S3498,John,Brown,94.29,75.33
Engineering,S3507,Emma,Williams,81.93,75.33
Engineering,S3523,Liam,Johnson,88.63,75.33
Engineering,S3525,Liam,Williams,90.24,75.33
Engineering,S3527,Ali,Williams,99.44,75.33
Engineering,S3536,Omar,Williams,81.78,75.33
Engineering,S3538,Liam,Johnson,82.58,75.33
Engineering,S3547,John,Brown,91.8,75.33
Engineering,S3553,Maria,Williams,97.95,75.33
Engineering,S3560,Emma,Smith,91.17,75.33
Engineering,S3571,Ali,Jones,91.58,75.33
Engineering,S3574,Ahmed,Smith,97.42,75.33
Engineering,S3582,Sara,Williams,84.68,75.33
Engineering,S3586,Emma,Williams,79.86,75.33
Engineering,S3592,Omar,Brown,85.68,75.33
Engineering,S3616,Emma,Williams,94.78,75.33
Engineering,S3619,Omar,Williams,75.67,75.33
Engineering,S3635,Emma,Jones,83.41,75.33
Engineering,S3661,Emma,Brown,76.84,75.33
Engineering,S3662,Sara,Johnson,92.67,75.33
Engineering,S3663,John,Brown,98.64,75.33
Engineering,S3672,Sara,Jones,82.85,75.33
Engineering,S3681,Omar,Smith,94.37,75.33
Engineering,S3683,Ali,Davis,85.98,75.33
Engineering,S3684,Emma,Davis,90.58,75.33
Engineering,S3690,Maria,Davis,77.04,75.33
Engineering,S3691,Ahmed,Brown,92.03,75.33
Engineering,S3709,Maria,Jones,83.05,75.33
Engineering,S3719,Sara,Williams,83.6,75.33
Engineering,S3725,Sara,Smith,86.92,75.33
Engineering,S3734,Liam,Johnson,87.99,75.33
Engineering,S3739,Emma,Davis,94.39,75.33
Engineering,S3740,Emma,Jones,91.09,75.33
Engineering,S3741,Sara,Johnson,88.89,75.33
Engineering,S3756,Ali,Brown,77.78,75.33
Engineering,S3760,Emma,Smith,97.74,75.33
Engineering,S3780,John,Jones,84.0,75.33
Engineering,S3793,Ahmed,Williams,79.75,75.33
Engineering,S3794,Maria,Williams,86.02,75.33
Engineering,S3800,Liam,Williams,86.5,75.33
Engineering,S3805,John,Brown,89.88,75.33
Engineering,S3822,Ahmed,Smith,89.17,75.33
Engineering,S3823,Maria,Johnson,78.12,75.33
Engineering,S3832,Ahmed,Brown,91.56,75.33
Engineering,S3833,Ali,Smith,81.06,75.33
Engineering,S3834,Omar,Williams,85.64,75.33
Engineering,S3845,Maria,Johnson,90.24,75.33
Engineering,S3861,Liam,Johnson,77.12,75.33
Engineering,S3868,Maria,Brown,77.25,75.33
Engineering,S3871,Emma,Johnson,97.4,75.33
Engineering,S3874,Liam,Jones,81.54,75.33
Engineering,S3888,Ahmed,Jones,76.21,75.33
Engineering,S3901,Sara,Brown,75.95,75.33
Engineering,S3904,Liam,Williams,83.39,75.33
Engineering,S3919,Emma,Brown,95.61,75.33
Engineering,S3923,Ali,Williams,81.39,75.33
Engineering,S3928,Sara,Davis,83.39,75.33
Engineering,S3933,Ali,Smith,97.0,75.33
Engineering,S3958,John,Smith,84.07,75.33
Engineering,S3959,Ahmed,Jones,95.03,75.33
Engineering,S3960,John,Jones,96.07,75.33
Engineering,S3962,Liam,Jones,76.76,75.33
Engineering,S3964,Emma,Jones,78.97,75.33
Engineering,S3970,Maria,Jones,93.07,75.33
Engineering,S3972,Omar,Smith,80.18,75.33
Engineering,S3980,Ali,Davis,78.35,75.33
Engineering,S3990,Emma,Williams,76.56,75.33
Engineering,S4018,Liam,Williams,88.59,75.33
Engineering,S4021,Emma,Johnson,83.29,75.33
Engineering,S4024,John,Johnson,82.56,75.33
Engineering,S4034,Maria,Davis,84.45,75.33
Engineering,S4038,John,Johnson,93.88,75.33
Engineering,S4041,Maria,Brown,83.37,75.33
Engineering,S4046,Sara,Smith,85.82,75.33
Engineering,S4066,Ali,Jones,76.27,75.33
Engineering,S4069,Sara,Smith,75.76,75.33
Engineering,S4090,Maria,Davis,92.96,75.33
Engineering,S4097,Ahmed,Jones,93.41,75.33
Engineering,S4099,Omar,Johnson,81.34,75.33
Engineering,S4103,Emma,Jones,83.46,75.33
Engineering,S4104,Emma,Johnson,86.31,75.33
Engineering,S4105,Ahmed,Smith,97.99,75.33
Engineering,S4107,Maria,Johnson,91.1,75.33
Engineering,S4137,Sara,Williams,78.95,75.33
Engineering,S4161,Ali,Smith,99.07,75.33
Engineering,S4174,John,Williams,90.3,75.33
Engineering,S4191,Liam,Williams,90.97,75.33
Engineering,S4203,Ali,Johnson,94.57,75.33
Engineering,S4204,John,Jones,90.29,75.33
Engineering,S4205,Emma,Smith,97.63,75.33
Engineering,S4208,Maria,Jones,95.52,75.33
Engineering,S4211,Maria,Smith,86.6,75.33
Engineering,S4216,John,Davis,98.41,75.33
Engineering,S4225,Maria,Johnson,80.5,75.33
Engineering,S4248,Ahmed,Davis,81.27,75.33
Engineering,S4251,Omar,Johnson,85.99,75.33
Engineering,S4261,Maria,Johnson,91.98,75.33
Engineering,S4267,John,Jones,81.22,75.33
Engineering,S4271,Omar,Jones,96.99,75.33
Engineering,S4277,Maria,Smith,97.39,75.33
Engineering,S4298,Sara,Smith,97.08,75.33
Engineering,S4314,John,Smith,97.75,75.33
Engineering,S4315,John,Smith,86.67,75.33
Engineering,S4320,Maria,Williams,81.67,75.33
Engineering,S4327,Omar,Brown,87.17,75.33
Engineering,S4329,Maria,Davis,84.59,75.33
Engineering,S4334,Omar,Smith,86.6,75.33
Engineering,S4335,Ali,Jones,81.79,75.33
Engineering,S4342,Liam,Jones,76.03,75.33
Engineering,S4344,Emma,Smith,80.03,75.33
Engineering,S4350,Maria,Johnson,87.17,75.33
Engineering,S4355,John,Johnson,83.44,75.33
Engineering,S4357,John,Davis,93.61,75.33
Engineering,S4370,Emma,Smith,92.7,75.33
Engineering,S4388,Ahmed,Williams,87.5,75.33
Engineering,S4396,Maria,Jones,93.23,75.33
Engineering,S4398,Maria,Smith,99.14,75.33
Engineering,S4399,Maria,Johnson,92.52,75.33
Engineering,S4403,Maria,Johnson,95.67,75.33
Engineering,S4413,Liam,Smith,94.4,75.33
Engineering,S4428,Sara,Williams,79.36,75.33
Engineering,S4453,Maria,Williams,88.46,75.33
Engineering,S4454,Omar,Johnson,84.62,75.33
Engineering,S4478,Maria,Williams,85.89,75.33
Engineering,S4480,Emma,Smith,79.83,75.33
Engineering,S4494,Omar,Williams,94.14,75.33
Engineering,S4502,Ali,Johnson,87.74,75.33
Engineering,S4503,Ahmed,Johnson,78.13,75.33
Engineering,S4512,Ahmed,Johnson,84.99,75.33
Engineering,S4516,John,Jones,78.51,75.33
Engineering,S4519,John,Smith,75.36,75.33
Engineering,S4525,Ahmed,Brown,80.35,75.33
Engineering,S4532,Maria,Williams,84.57,75.33
Engineering,S4533,Sara,Johnson,77.32,75.33
Engineering,S4535,John,Johnson,83.22,75.33
Engineering,S4542,Ahmed,Johnson,82.81,75.33
Engineering,S4545,Ali,Johnson,99.68,75.33
Engineering,S4554,Maria,Smith,89.96,75.33
Engineering,S4558,Sara,Johnson,91.49,75.33
Engineering,S4560,Sara,Brown,88.57,75.33
Engineering,S4563,Liam,Brown,76.87,75.33
Engineering,S4568,Sara,Davis,87.56,75.33
Engineering,S4583,Maria,Johnson,87.75,75.33
Engineering,S4592,John,Brown,92.91,75.33
Engineering,S4595,John,Smith,78.77,75.33
Engineering,S4598,Liam,Brown,91.89,75.33
Engineering,S4600,Ahmed,Williams,99.36,75.33
Engineering,S4607,Maria,Davis,95.65,75.33
Engineering,S4608,John,Brown,98.68,75.33
Engineering,S4616,John,Williams,94.75,75.33
Engineering,S4647,Ali,Smith,98.0,75.33
Engineering,S4648,Ali,Davis,79.6,75.33
Engineering,S4650,Sara,Johnson,96.86,75.33
Engineering,S4660,Liam,Brown,77.89,75.33
Engineering,S4673,Sara,Jones,86.3,75.33
Engineering,S4682,John,Johnson,97.44,75.33
Engineering,S4685,Sara,Jones,81.23,75.33
Engineering,S4697,Ali,Brown,90.17,75.33
Engineering,S4699,Ahmed,Williams,87.03,75.33
Engineering,S4704,Omar,Davis,98.92,75.33
Engineering,S4706,Ali,Brown,79.87,75.33
Engineering,S4708,Ali,Johnson,83.47,75.33
Engineering,S4713,Emma,Davis,97.08,75.33
Engineering,S4715,Emma,Williams,93.5,75.33
Engineering,S4719,Emma,Williams,98.52,75.33
Engineering,S4725,Liam,Williams,98.73,75.33
Engineering,S4728,John,Jones,77.48,75.33
Engineering,S4729,Ali,Jones,79.25,75.33
Engineering,S4743,Omar,Jones,81.06,75.33
Engineering,S4753,Ali,Smith,91.09,75.33
Engineering,S4754,Liam,Johnson,85.86,75.33
Engineering,S4756,Omar,Smith,85.27,75.33
Engineering,S4765,Ali,Jones,98.91,75.33
Engineering,S4775,Maria,Johnson,82.54,75.33
Engineering,S4777,John,Smith,88.7,75.33
Engineering,S4781,John,Jones,98.75,75.33
Engineering,S4787,Ali,Johnson,82.06,75.33
Engineering,S4794,John,Jones,92.93,75.33
Engineering,S4801,Maria,Davis,87.63,75.33
Engineering,S4806,Emma,Jones,83.4,75.33
Engineering,S4814,Ali,Davis,97.64,75.33
Engineering,S4816,John,Davis,78.38,75.33
Engineering,S4817,Liam,Jones,81.56,75.33
Engineering,S4818,John,Brown,92.02,75.33
Engineering,S4822,Liam,Davis,78.24,75.33
Engineering,S4824,Ahmed,Davis,86.69,75.33
Engineering,S4838,Ahmed,Johnson,98.67,75.33
Engineering,S4842,Ahmed,Brown,80.83,75.33
Engineering,S4860,Liam,Jones,94.05,75.33
Engineering,S4862,Omar,Johnson,88.74,75.33
Engineering,S4864,Maria,Jones,97.03,75.33
Engineering,S4865,Liam,Johnson,76.24,75.33
Engineering,S4867,Liam,Williams,82.8,75.33
Engineering,S4873,Maria,Davis,81.22,75.33
Engineering,S4878,Emma,Jones,86.69,75.33
Engineering,S4889,Maria,Smith,95.34,75.33
Engineering,S4892,Liam,Williams,93.87,75.33
Engineering,S4900,Sara,Smith,87.27,75.33
Engineering,S4911,Emma,Jones,83.79,75.33
Engineering,S4912,Ahmed,Williams,93.18,75.33
Engineering,S4914,Ali,Williams,95.61,75.33
Engineering,S4918,Liam,Johnson,79.32,75.33
Engineering,S4923,Omar,Brown,92.22,75.33
Engineering,S4931,Ahmed,Johnson,92.48,75.33
Engineering,S4940,Ali,Williams,94.61,75.33
Engineering,S4956,John,Williams,96.07,75.33
Engineering,S4960,Ahmed,Jones,96.95,75.33
Engineering,S4965,Liam,Smith,79.52,75.33
Engineering,S4966,Ahmed,Williams,89.23,75.33
Engineering,S4969,Sara,Davis,83.6,75.33
Engineering,S4972,Omar,Jones,93.64,75.33
Engineering,S4987,Ali,Brown,99.14,75.33
Engineering,S4995,Liam,Jones,82.24,75.33
Engineering,S4996,Maria,Johnson,77.73,75.33
Engineering,S4997,Sara,Davis,85.93,75.33
Engineering,S4998,Emma,Williams,97.07,75.33
Engineering,S5009,Liam,Smith,84.28,75.33
Engineering,S5015,Emma,Williams,85.56,75.33
Engineering,S5016,Maria,Johnson,76.34,75.33
Engineering,S5017,Ali,Brown,81.21,75.33
Engineering,S5021,John,Brown,89.13,75.33
Engineering,S5028,Maria,Smith,78.77,75.33
Engineering,S5035,Omar,Smith,95.1,75.33
Engineering,S5037,Liam,Smith,89.12,75.33
Engineering,S5039,John,Brown,92.81,75.33
Engineering,S5059,Omar,Davis,81.27,75.33
Engineering,S5061,Ahmed,Smith,86.19,75.33
Engineering,S5073,Ali,Williams,85.91,75.33
Engineering,S5077,Omar,Brown,95.69,75.33
Engineering,S5081,Emma,Williams,83.28,75.33
Engineering,S5087,Ahmed,Williams,81.49,75.33
Engineering,S5090,Sara,Davis,94.94,75.33
Engineering,S5091,John,Johnson,97.67,75.33
Engineering,S5130,Omar,Johnson,86.39,75.33
Engineering,S5131,Ali,Jones,78.54,75.33
Engineering,S5138,Omar,Johnson,83.83,75.33
Engineering,S5139,Maria,Johnson,86.68,75.33
Engineering,S5140,Emma,Davis,80.65,75.33
Engineering,S5155,Liam,Jones,79.06,75.33
Engineering,S5162,Ali,Williams,76.87,75.33
Engineering,S5166,Liam,Smith,87.19,75.33
Engineering,S5169,Sara,Smith,99.22,75.33
Engineering,S5189,Maria,Davis,87.61,75.33
Engineering,S5199,Omar,Smith,88.86,75.33
Engineering,S5201,Emma,Jones,79.2,75.33
Engineering,S5203,Sara,Johnson,79.11,75.33
Engineering,S5222,Ali,Smith,93.98,75.33
Engineering,S5228,Maria,Williams,85.15,75.33
Engineering,S5234,Emma,Smith,89.9,75.33
Engineering,S5245,Ali,Davis,83.41,75.33
Engineering,S5252,Ahmed,Smith,87.28,75.33
Engineering,S5253,Sara,Jones,90.45,75.33
Engineering,S5271,Sara,Williams,94.36,75.33
Engineering,S5273,Emma,Smith,79.28,75.33
Engineering,S5277,Maria,Brown,80.42,75.33
Engineering,S5278,Ahmed,Brown,84.48,75.33
Engineering,S5286,Maria,Brown,95.58,75.33
Engineering,S5307,Sara,Brown,76.44,75.33
Engineering,S5313,Sara,Brown,84.66,75.33
Engineering,S5317,Sara,Williams,99.16,75.33
Engineering,S5336,Liam,Brown,96.28,75.33
Engineering,S5360,Emma,Davis,79.99,75.33
Engineering,S5373,Ali,Johnson,98.49,75.33
Engineering,S5380,Sara,Williams,97.78,75.33
Engineering,S5382,Ali,Davis,91.18,75.33
Engineering,S5406,Ali,Davis,98.2,75.33
Engineering,S5420,Sara,Davis,94.83,75.33
Engineering,S5421,John,Davis,89.88,75.33
Engineering,S5426,Omar,Brown,78.5,75.33
Engineering,S5427,Emma,Smith,90.66,75.33
Engineering,S5429,Ali,Smith,78.46,75.33
Engineering,S5438,Emma,Williams,95.05,75.33
Engineering,S5445,Ali,Brown,86.67,75.33
Engineering,S5446,Emma,Johnson,90.4,75.33
Engineering,S5448,Liam,Jones,87.28,75.33
Engineering,S5449,Ali,Brown,88.69,75.33
Engineering,S5461,Ali,Jones,93.18,75.33
Engineering,S5463,John,Williams,79.69,75.33
Engineering,S5475,Omar,Jones,87.69,75.33
Engineering,S5492,Ahmed,Davis,98.09,75.33
Engineering,S5509,Liam,Johnson,95.05,75.33
Engineering,S5518,Maria,Williams,95.08,75.33
Engineering,S5526,Ahmed,Brown,95.59,75.33
Engineering,S5552,Omar,Johnson,82.96,75.33
Engineering,S5563,Ahmed,Jones,85.78,75.33
Engineering,S5565,Emma,Williams,84.24,75.33
Engineering,S5580,John,Williams,87.79,75.33
Engineering,S5584,Liam,Brown,77.27,75.33
Engineering,S5595,Maria,Brown,96.54,75.33
Engineering,S5598,Sara,Jones,81.15,75.33
Engineering,S5621,Omar,Jones,77.47,75.33
Engineering,S5628,John,Williams,79.3,75.33
Engineering,S5633,Ahmed,Jones,79.24,75.33
Engineering,S5636,Maria,Johnson,85.4,75.33
Engineering,S5640,Liam,Johnson,99.99,75.33
Engineering,S5659,Emma,Smith,89.47,75.33
Engineering,S5671,Ali,Jones,82.2,75.33
Engineering,S5675,Ahmed,Davis,99.4,75.33
Engineering,S5676,John,Brown,98.23,75.33
Engineering,S5692,Ali,Brown,79.5,75.33
Engineering,S5715,John,Davis,94.33,75.33
Engineering,S5716,Liam,Jones,95.96,75.33
Engineering,S5718,Liam,Davis,93.2,75.33
Engineering,S5721,Ali,Johnson,77.95,75.33
Engineering,S5724,John,Johnson,77.4,75.33
Engineering,S5736,Omar,Brown,97.37,75.33
Engineering,S5742,Maria,Williams,77.3,75.33
Engineering,S5743,Ahmed,Davis,87.63,75.33
Engineering,S5749,Ahmed,Johnson,84.77,75.33
Engineering,S5752,Ahmed,Brown,99.14,75.33
Engineering,S5757,Maria,Smith,99.27,75.33
Engineering,S5767,Omar,Jones,88.56,75.33
Engineering,S5768,Liam,Johnson,81.16,75.33
Engineering,S5777,Maria,Brown,82.58,75.33
Engineering,S5790,Ali,Jones,77.28,75.33
Engineering,S5798,Maria,Smith,84.56,75.33
Engineering,S5799,John,Johnson,82.41,75.33
Engineering,S5803,John,Williams,81.5,75.33
Engineering,S5835,Emma,Jones,80.02,75.33
Engineering,S5844,John,Johnson,91.95,75.33
Engineering,S5848,Emma,Williams,91.39,75.33
Engineering,S5856,Ahmed,Jones,96.74,75.33
Engineering,S5875,Emma,Johnson,75.74,75.33
Engineering,S5879,Ali,Jones,77.99,75.33
Engineering,S5880,Ali,Jones,80.11,75.33
Engineering,S5892,Liam,Smith,82.64,75.33
Engineering,S5899,Omar,Davis,91.28,75.33
Engineering,S5902,Maria,Jones,98.72,75.33
Engineering,S5904,Omar,Johnson,86.07,75.33
Engineering,S5907,Ali,Johnson,93.3,75.33
Engineering,S5911,Ahmed,Jones,99.13,75.33
Engineering,S5923,Sara,Jones,89.69,75.33
Engineering,S5936,Ali,Smith,79.54,75.33
Engineering,S5938,Maria,Davis,81.54,75.33
Engineering,S5940,John,Johnson,77.87,75.33
Engineering,S5944,Ahmed,Davis,83.4,75.33
Engineering,S5959,Liam,Johnson,79.02,75.33
Engineering,S5963,Sara,Johnson,79.85,75.33
Engineering,S5967,John,Williams,98.72,75.33
Engineering,S5974,Liam,Williams,77.37,75.33
Engineering,S5982,Ali,Williams,95.41,75.33
Engineering,S5990,Ali,Johnson,92.94,75.33
Engineering,S5998,Sara,Davis,77.35,75.33
Mathematics,S1000,Omar,Williams,83.49,75.71
Mathematics,S1005,Liam,Brown,92.66,75.71
Mathematics,S1011,Omar,Williams,93.25,75.71
Mathematics,S1025,Emma,Davis,99.29,75.71
Mathematics,S1029,Maria,Jones,82.09,75.71
Mathematics,S1066,Maria,Williams,83.6,75.71
Mathematics,S1069,Emma,Brown,78.34,75.71
Mathematics,S1089,Sara,Brown,77.75,75.71
Mathematics,S1096,Sara,Jones,87.25,75.71
Mathematics,S1098,Emma,Smith,87.99,75.71
Mathematics,S1117,Emma,Brown,87.41,75.71
Mathematics,S1125,Liam,Jones,82.63,75.71
Mathematics,S1142,Maria,Smith,88.21,75.71
Mathematics,S1152,Ali,Davis,99.33,75.71
Mathematics,S1155,Sara,Smith,79.41,75.71
Mathematics,S1160,Omar,Smith,76.56,75.71
Mathematics,S1166,Liam,Brown,99.38,75.71
Mathematics,S1167,Omar,Brown,83.02,75.71
Mathematics,S1172,John,Williams,86.19,75.71
Mathematics,S1177,John,Jones,87.7,75.71
Mathematics,S1180,Ahmed,Johnson,83.56,75.71
Mathematics,S1185,Ahmed,Smith,79.58,75.71
Mathematics,S1191,John,Jones,90.67,75.71
Mathematics,S1221,John,Johnson,94.34,75.71
Mathematics,S1235,Maria,Jones,88.02,75.71
Mathematics,S1238,John,Smith,83.26,75.71
Mathematics,S1256,Omar,Jones,91.47,75.71
Mathematics,S1260,Ali,Davis,81.68,75.71
Mathematics,S1261,Emma,Johnson,94.24,75.71
Mathematics,S1262,Ahmed,Jones,92.98,75.71
Mathematics,S1269,John,Davis,90.16,75.71
Mathematics,S1275,Maria,Johnson,81.99,75.71
Mathematics,S1286,Ali,Smith,89.47,75.71
Mathematics,S1293,Sara,Brown,94.55,75.71
Mathematics,S1299,Liam,Williams,92.48,75.71
Mathematics,S1307,Sara,Jones,77.34,75.71
Mathematics,S1310,Liam,Smith,77.3,75.71
Mathematics,S1322,Maria,Williams,77.85,75.71
Mathematics,S1326,John,Smith,76.05,75.71
Mathematics,S1342,John,Brown,91.8,75.71
Mathematics,S1354,Liam,Johnson,87.74,75.71
Mathematics,S1370,Maria,Williams,76.37,75.71
Mathematics,S1376,Maria,Brown,94.82,75.71
Mathematics,S1389,Ali,Davis,87.63,75.71
Mathematics,S1413,Ali,Davis,93.28,75.71
Mathematics,S1423,John,Johnson,81.15,75.71
Mathematics,S1428,Ali,Smith,84.13,75.71
Mathematics,S1431,Emma,Brown,94.92,75.71
Mathematics,S1442,Ali,Davis,87.3,75.71
Mathematics,S1454,Ahmed,Smith,91.52,75.71
Mathematics,S1459,John,Johnson,80.2,75.71
Mathematics,S1460,Sara,Jones,77.9,75.71
Mathematics,S1467,Ali,Smith,80.12,75.71
Mathematics,S1472,John,Jones,85.61,75.71
Mathematics,S1474,John,Brown,83.24,75.71
Mathematics,S1479,Maria,Jones,88.31,75.71
Mathematics,S1490,Liam,Jones,87.75,75.71
Mathematics,S1493,Emma,Jones,96.57,75.71
Mathematics,S1503,Liam,Johnson,83.05,75.71
Mathematics,S1513,Emma,Davis,93.4,75.71
Mathematics,S1521,Omar,Johnson,78.2,75.71
Mathematics,S1529,Sara,Brown,76.88,75.71
Mathematics,S1542,John,Smith,82.86,75.71
Mathematics,S1550,Ali,Smith,90.41,75.71
Mathematics,S1562,Omar,Jones,98.83,75.71
Mathematics,S1580,Emma,Smith,83.7,75.71
Mathematics,S1582,Maria,Brown,76.32,75.71
Mathematics,S1586,Emma,Smith,76.56,75.71
Mathematics,S1592,Ahmed,Jones,81.06,75.71
Mathematics,S1595,Maria,Williams,99.22,75.71
Mathematics,S1606,Omar,Smith,83.8,75.71
Mathematics,S1607,Liam,Smith,96.09,75.71
Mathematics,S1612,Maria,Davis,77.62,75.71
Mathematics,S1614,Emma,Smith,77.9,75.71
Mathematics,S1620,Maria,Williams,88.91,75.71
Mathematics,S1625,Sara,Brown,99.47,75.71
Mathematics,S1630,Ali,Jones,81.69,75.71
Mathematics,S1634,Sara,Davis,78.78,75.71
Mathematics,S1641,Emma,Smith,80.29,75.71
Mathematics,S1652,Omar,Johnson,97.12,75.71
Mathematics,S1657,John,Smith,76.63,75.71
Mathematics,S1667,Maria,Williams,92.78,75.71
Mathematics,S1668,Ahmed,Jones,76.44,75.71
Mathematics,S1669,Omar,Jones,83.84,75.71
Mathematics,S1724,Ali,Williams,78.21,75.71
Mathematics,S1728,Ahmed,Smith,88.37,75.71
Mathematics,S1731,Ali,Smith,99.9,75.71
Mathematics,S1736,Maria,Davis,97.47,75.71
Mathematics,S1752,Sara,Davis,82.79,75.71
Mathematics,S1754,Sara,Johnson,87.17,75.71
Mathematics,S1773,Maria,Smith,78.71,75.71
Mathematics,S1779,John,Smith,89.04,75.71
Mathematics,S1789,Omar,Brown,98.23,75.71
Mathematics,S1792,Ahmed,Brown,97.21,75.71
Mathematics,S1806,Liam,Jones,88.97,75.71
Mathematics,S1809,Ahmed,Johnson,81.39,75.71
Mathematics,S1811,John,Johnson,89.36,75.71
Mathematics,S1813,Maria,Brown,94.73,75.71
Mathematics,S1815,Ahmed,Smith,88.22,75.71
Mathematics,S1817,John,Johnson,77.86,75.71
Mathematics,S1824,Liam,Brown,75.8,75.71
Mathematics,S1835,Maria,Davis,88.18,75.71
Mathematics,S1846,Sara,Brown,86.22,75.71
Mathematics,S1848,Omar,Brown,90.32,75.71
Mathematics,S1871,Liam,Williams,97.94,75.71
Mathematics,S1881,Emma,Davis,95.96,75.71
Mathematics,S1909,Emma,Davis,96.99,75.71
Mathematics,S1925,John,Smith,76.07,75.71
Mathematics,S1930,Omar,Johnson,90.73,75.71
Mathematics,S1936,Emma,Smith,95.45,75.71
Mathematics,S1946,Ahmed,Davis,93.92,75.71
Mathematics,S1965,Ali,Davis,86.12,75.71
Mathematics,S1972,Ali,Davis,87.52,75.71
Mathematics,S1990,Sara,Brown,85.57,75.71
Mathematics,S1995,Ahmed,Brown,92.88,75.71
Mathematics,S1999,John,Johnson,84.03,75.71
Mathematics,S2014,Ahmed,Williams,88.43,75.71
Mathematics,S2028,Ahmed,Jones,91.08,75.71
Mathematics,S2033,Emma,Williams,92.12,75.71
Mathematics,S2039,John,Brown,77.1,75.71
Mathematics,S2048,Ahmed,Smith,89.46,75.71
Mathematics,S2050,Sara,Davis,79.28,75.71
Mathematics,S2052,John,Brown,77.57,75.71
Mathematics,S2055,Ahmed,Smith,84.18,75.71
Mathematics,S2063,Ahmed,Davis,96.75,75.71
Mathematics,S2082,Ahmed,Davis,77.49,75.71
Mathematics,S2086,Ali,Jones,96.09,75.71
Mathematics,S2098,Emma,Davis,85.81,75.71
Mathematics,S2100,John,Johnson,84.91,75.71
Mathematics,S2105,Maria,Brown,95.92,75.71
Mathematics,S2110,Ali,Johnson,96.17,75.71
Mathematics,S2116,Omar,Davis,81.41,75.71
Mathematics,S2117,Ahmed,Davis,84.59,75.71
Mathematics,S2118,Ahmed,Brown,86.65,75.71
Mathematics,S2123,Omar,Davis,83.2,75.71
Mathematics,S2125,Liam,Williams,77.97,75.71
Mathematics,S2126,Maria,Williams,79.77,75.71
Mathematics,S2127,Sara,Johnson,76.92,75.71
Mathematics,S2142,Liam,Jones,77.33,75.71
Mathematics,S2143,Omar,Jones,78.77,75.71
Mathematics,S2167,Emma,Brown,81.82,75.71
Mathematics,S2170,Liam,Brown,75.8,75.71
Mathematics,S2177,Liam,Williams,81.88,75.71
Mathematics,S2178,Omar,Brown,88.39,75.71
Mathematics,S2179,John,Williams,82.23,75.71
Mathematics,S2188,John,Jones,84.7,75.71
Mathematics,S2189,Liam,Williams,76.14,75.71
Mathematics,S2190,John,Williams,97.98,75.71
Mathematics,S2192,Ahmed,Davis,86.09,75.71
Mathematics,S2193,Liam,Davis,91.79,75.71
Mathematics,S2231,Liam,Williams,78.61,75.71
Mathematics,S2234,Sara,Williams,84.01,75.71
Mathematics,S2240,Ahmed,Brown,79.94,75.71
Mathematics,S2242,Omar,Jones,94.11,75.71
Mathematics,S2251,Emma,Johnson,76.62,75.71
Mathematics,S2253,Sara,Smith,99.21,75.71
Mathematics,S2254,Ahmed,Williams,80.0,75.71
Mathematics,S2259,John,Williams,93.24,75.71
Mathematics,S2266,Omar,Smith,76.65,75.71
Mathematics,S2281,Omar,Williams,79.73,75.71
Mathematics,S2293,Ali,Williams,89.95,75.71
Mathematics,S2298,Ahmed,Brown,77.5,75.71
Mathematics,S2299,Sara,Williams,83.42,75.71
Mathematics,S2317,Liam,Johnson,85.03,75.71
Mathematics,S2325,Ali,Brown,88.84,75.71
Mathematics,S2342,Omar,Brown,98.99,75.71
Mathematics,S2345,John,Davis,99.39,75.71
Mathematics,S2346,John,Smith,93.45,75.71
Mathematics,S2348,Liam,Williams,97.37,75.71
Mathematics,S2358,Maria,Davis,95.02,75.71
Mathematics,S2364,Liam,Williams,98.01,75.71
Mathematics,S2365,Emma,Jones,93.23,75.71
Mathematics,S2369,Sara,Williams,87.86,75.71
Mathematics,S2378,Emma,Jones,96.78,75.71
Mathematics,S2398,Maria,Jones,83.69,75.71
Mathematics,S2406,Sara,Williams,79.09,75.71
Mathematics,S2408,Omar,Johnson,85.66,75.71
Mathematics,S2415,Maria,Davis,96.42,75.71
Mathematics,S2416,Ali,Johnson,88.15,75.71
Mathematics,S2433,Maria,Williams,97.43,75.71
Mathematics,S2440,Ali,Williams,99.2,75.71
Mathematics,S2441,Sara,Jones,98.51,75.71
Mathematics,S2456,Emma,Davis,81.13,75.71
Mathematics,S2462,Ahmed,Davis,88.4,75.71
Mathematics,S2482,Emma,Smith,85.32,75.71
Mathematics,S2485,Omar,Brown,79.95,75.71
Mathematics,S2486,Omar,Davis,94.9,75.71
Mathematics,S2498,John,Brown,92.02,75.71
Mathematics,S2511,Omar,Johnson,92.82,75.71
Mathematics,S2514,Maria,Jones,93.91,75.71
Mathematics,S2518,Maria,Brown,79.83,75.71
Mathematics,S2522,Ali,Smith,92.27,75.71
Mathematics,S2529,Maria,Johnson,79.0,75.71
Mathematics,S2540,Omar,Jones,91.7,75.71
Mathematics,S2544,Liam,Davis,87.59,75.71
Mathematics,S2545,Maria,Smith,97.73,75.71
Mathematics,S2553,Maria,Brown,89.24,75.71
Mathematics,S2561,Maria,Davis,99.72,75.71
Mathematics,S2567,Maria,Williams,90.06,75.71
Mathematics,S2606,Sara,Brown,79.52,75.71
Mathematics,S2615,John,Smith,98.99,75.71
Mathematics,S2617,Ali,Jones,79.11,75.71
Mathematics,S2633,Omar,Jones,76.64,75.71
Mathematics,S2636,Ali,Davis,77.75,75.71
Mathematics,S2653,Omar,Williams,91.83,75.71
Mathematics,S2665,Emma,Smith,79.88,75.71
Mathematics,S2667,Ali,Jones,81.39,75.71
Mathematics,S2702,Omar,Davis,78.17,75.71
Mathematics,S2707,Emma,Johnson,85.97,75.71
Mathematics,S2719,Ali,Brown,79.76,75.71
Mathematics,S2723,Sara,Brown,80.7,75.71
Mathematics,S2748,Omar,Williams,75.9,75.71
Mathematics,S2751,Liam,Williams,78.58,75.71
Mathematics,S2758,Omar,Jones,93.59,75.71
Mathematics,S2762,John,Johnson,86.1,75.71
Mathematics,S2775,Liam,Williams,93.41,75.71
Mathematics,S2785,Liam,Johnson,79.21,75.71
Mathematics,S2800,Omar,Smith,86.41,75.71
Mathematics,S2803,Liam,Brown,96.37,75.71
Mathematics,S2818,Sara,Brown,98.91,75.71
Mathematics,S2825,Ahmed,Jones,94.9,75.71
Mathematics,S2835,Sara,Brown,93.93,75.71
Mathematics,S2845,Omar,Brown,84.13,75.71
Mathematics,S2853,Ali,Brown,77.75,75.71
Mathematics,S2863,Emma,Smith,95.22,75.71
Mathematics,S2878,Maria,Brown,93.94,75.71
Mathematics,S2884,Ali,Jones,93.38,75.71
Mathematics,S2897,John,Johnson,80.49,75.71
Mathematics,S2898,Liam,Johnson,77.74,75.71
Mathematics,S2910,Maria,Jones,88.38,75.71
Mathematics,S2940,Omar,Brown,76.39,75.71
Mathematics,S2941,Liam,Smith,91.04,75.71
Mathematics,S2952,John,Davis,81.74,75.71
Mathematics,S2958,Ahmed,Smith,85.06,75.71
Mathematics,S2960,Sara,Johnson,91.63,75.71
Mathematics,S2979,Sara,Brown,76.0,75.71
Mathematics,S2999,Ali,Davis,94.59,75.71
Mathematics,S3007,Omar,Smith,92.51,75.71
Mathematics,S3012,Emma,Williams,96.86,75.71
Mathematics,S3016,Ali,Jones,90.82,75.71
Mathematics,S3022,Sara,Brown,97.93,75.71
Mathematics,S3031,Ali,Brown,84.23,75.71
Mathematics,S3034,Ahmed,Jones,95.03,75.71
Mathematics,S3037,Omar,Jones,88.84,75.71
Mathematics,S3043,John,Jones,96.79,75.71
Mathematics,S3050,Sara,Williams,76.6,75.71
Mathematics,S3079,Liam,Johnson,83.38,75.71
Mathematics,S3080,Ali,Brown,85.2,75.71
Mathematics,S3082,Ahmed,Williams,82.47,75.71
Mathematics,S3098,Emma,Smith,77.7,75.71
Mathematics,S3109,Emma,Davis,81.84,75.71
Mathematics,S3111,Ahmed,Johnson,96.34,75.71
Mathematics,S3116,Ahmed,Johnson,86.91,75.71
Mathematics,S3117,Maria,Williams,85.81,75.71
Mathematics,S3121,Maria,Davis,87.34,75.71
Mathematics,S3122,Omar,Smith,85.64,75.71
Mathematics,S3123,Ali,Brown,82.91,75.71
Mathematics,S3137,Liam,Williams,79.82,75.71
Mathematics,S3152,Ali,Smith,87.69,75.71
Mathematics,S3161,Ahmed,Williams,87.39,75.71
Mathematics,S3164,Emma,Johnson,79.04,75.71
Mathematics,S3165,Omar,Davis,82.44,75.71
Mathematics,S3167,Omar,Brown,80.82,75.71
Mathematics,S3168,Emma,Williams,85.85,75.71
Mathematics,S3172,Ahmed,Jones,95.52,75.71
Mathematics,S3181,Ahmed,Brown,96.89,75.71
Mathematics,S3193,Ali,Brown,85.37,75.71
Mathematics,S3198,Emma,Jones,97.77,75.71
Mathematics,S3200,Ahmed,Davis,93.09,75.71
Mathematics,S3203,Omar,Brown,85.01,75.71
Mathematics,S3244,Maria,Smith,87.13,75.71
Mathematics,S3262,Sara,Johnson,88.74,75.71
Mathematics,S3266,Maria,Johnson,89.44,75.71
Mathematics,S3270,Ahmed,Johnson,92.21,75.71
Mathematics,S3277,Emma,Jones,80.53,75.71
Mathematics,S3280,Sara,Jones,76.89,75.71
Mathematics,S3281,John,Johnson,92.18,75.71
Mathematics,S3284,Sara,Johnson,84.0,75.71
Mathematics,S3290,Emma,Jones,96.49,75.71
Mathematics,S3299,Liam,Smith,89.71,75.71
Mathematics,S3300,Ali,Smith,89.1,75.71
Mathematics,S3305,Ahmed,Jones,81.89,75.71
Mathematics,S3310,Emma,Brown,97.03,75.71
Mathematics,S3316,Sara,Williams,80.76,75.71
Mathematics,S3321,Sara,Johnson,86.54,75.71
Mathematics,S3323,Liam,Smith,77.54,75.71
Mathematics,S3327,Omar,Johnson,87.39,75.71
Mathematics,S3328,Omar,Brown,96.28,75.71
Mathematics,S3329,Sara,Davis,80.5,75.71
Mathematics,S3330,Maria,Davis,85.18,75.71
Mathematics,S3343,Ali,Johnson,85.27,75.71
Mathematics,S3351,Ahmed,Williams,85.66,75.71
Mathematics,S3360,Liam,Brown,81.81,75.71
Mathematics,S3362,Omar,Smith,82.32,75.71
Mathematics,S3372,Liam,Brown,85.04,75.71
Mathematics,S3376,John,Smith,82.83,75.71
Mathematics,S3386,Sara,Johnson,77.6,75.71
Mathematics,S3397,John,Brown,83.41,75.71
Mathematics,S3399,Maria,Brown,85.39,75.71
Mathematics,S3412,Sara,Jones,91.46,75.71
Mathematics,S3416,Emma,Brown,87.55,75.71
Mathematics,S3421,John,Davis,81.03,75.71
Mathematics,S3425,Omar,Davis,86.1,75.71
Mathematics,S3426,Omar,Jones,78.15,75.71
Mathematics,S3427,Ahmed,Davis,85.0,75.71
Mathematics,S3449,Ahmed,Davis,98.15,75.71
Mathematics,S3451,Maria,Williams,95.62,75.71
Mathematics,S3453,John,Williams,92.86,75.71
Mathematics,S3457,John,Davis,97.38,75.71
Mathematics,S3462,Omar,Jones,97.68,75.71
Mathematics,S3463,Sara,Brown,78.45,75.71
Mathematics,S3476,Liam,Brown,82.47,75.71
Mathematics,S3488,Maria,Jones,96.74,75.71
Mathematics,S3489,Omar,Williams,83.03,75.71
Mathematics,S3508,Maria,Jones,95.62,75.71
Mathematics,S3509,Maria,Williams,84.99,75.71
Mathematics,S3520,Ahmed,Williams,88.47,75.71
Mathematics,S3534,Emma,Brown,86.48,75.71
Mathematics,S3548,Emma,Davis,99.05,75.71
Mathematics,S3555,Emma,Brown,88.76,75.71
Mathematics,S3556,Liam,Davis,94.53,75.71
Mathematics,S3561,Maria,Brown,88.6,75.71
Mathematics,S3621,John,Davis,81.74,75.71
Mathematics,S3630,John,Smith,78.1,75.71
Mathematics,S3637,Sara,Davis,95.55,75.71
Mathematics,S3648,Omar,Brown,98.22,75.71
Mathematics,S3650,Maria,Davis,77.82,75.71
Mathematics,S3652,Liam,Brown,99.96,75.71
Mathematics,S3659,Maria,Jones,76.15,75.71
Mathematics,S3682,Maria,Brown,96.39,75.71
Mathematics,S3696,Maria,Smith,80.69,75.71
Mathematics,S3697,Maria,Johnson,83.38,75.71
Mathematics,S3699,Sara,Johnson,84.63,75.71
Mathematics,S3707,Sara,Johnson,87.22,75.71
Mathematics,S3716,Sara,Brown,85.44,75.71
Mathematics,S3718,John,Davis,96.87,75.71
Mathematics,S3724,Ahmed,Jones,91.25,75.71
Mathematics,S3726,Liam,Williams,81.15,75.71
Mathematics,S3728,Omar,Jones,93.06,75.71
Mathematics,S3744,Ahmed,Williams,94.19,75.71
Mathematics,S3747,Ali,Brown,99.09,75.71
Mathematics,S3749,Emma,Johnson,81.13,75.71
Mathematics,S3754,Liam,Davis,85.41,75.71
Mathematics,S3757,Maria,Davis,82.81,75.71
Mathematics,S3758,Sara,Johnson,90.56,75.71
Mathematics,S3759,Omar,Smith,85.99,75.71
Mathematics,S3767,John,Smith,81.38,75.71
Mathematics,S3774,Liam,Johnson,96.59,75.71
Mathematics,S3776,Ahmed,Williams,88.2,75.71
Mathematics,S3779,Omar,Johnson,92.65,75.71
Mathematics,S3783,Emma,Williams,92.59,75.71
Mathematics,S3786,Sara,Jones,90.26,75.71
Mathematics,S3791,Ali,Jones,87.06,75.71
Mathematics,S3799,Ali,Jones,85.05,75.71
Mathematics,S3812,Ali,Smith,79.17,75.71
Mathematics,S3818,Omar,Johnson,97.57,75.71
Mathematics,S3820,Maria,Davis,77.27,75.71
Mathematics,S3827,Ali,Brown,97.57,75.71
Mathematics,S3835,John,Davis,90.27,75.71
Mathematics,S3837,Ahmed,Williams,84.63,75.71
Mathematics,S3844,Emma,Brown,82.82,75.71
Mathematics,S3849,Sara,Brown,85.23,75.71
Mathematics,S3859,Omar,Johnson,99.26,75.71
Mathematics,S3863,John,Davis,84.77,75.71
Mathematics,S3870,Liam,Johnson,97.48,75.71
Mathematics,S3878,Omar,Johnson,99.91,75.71
Mathematics,S3902,Ali,Williams,99.25,75.71
Mathematics,S3914,Ali,Johnson,77.72,75.71
Mathematics,S3922,Ahmed,Brown,94.91,75.71
Mathematics,S3924,Sara,Brown,81.51,75.71
Mathematics,S3930,Emma,Johnson,83.01,75.71
Mathematics,S3941,Omar,Williams,93.73,75.71
Mathematics,S3946,Ahmed,Williams,83.13,75.71
Mathematics,S3949,Maria,Johnson,91.36,75.71
Mathematics,S3953,Sara,Johnson,98.86,75.71
Mathematics,S3966,Ali,Smith,95.83,75.71
Mathematics,S3971,Sara,Brown,91.81,75.71
Mathematics,S3987,John,Williams,99.9,75.71
Mathematics,S3997,Ahmed,Brown,77.82,75.71
Mathematics,S4008,Maria,Davis,90.93,75.71
Mathematics,S4016,Omar,Smith,96.94,75.71
Mathematics,S4032,Omar,Jones,88.79,75.71
Mathematics,S4056,Omar,Brown,95.17,75.71
Mathematics,S4061,Sara,Johnson,77.32,75.71
Mathematics,S4068,Maria,Jones,84.33,75.71
Mathematics,S4079,Omar,Johnson,77.67,75.71
Mathematics,S4080,Omar,Jones,88.14,75.71
Mathematics,S4081,Omar,Brown,96.06,75.71
Mathematics,S4111,Omar,Williams,96.77,75.71
Mathematics,S4118,Liam,Jones,90.73,75.71
Mathematics,S4130,Maria,Williams,85.22,75.71
Mathematics,S4149,Ahmed,Jones,79.85,75.71
Mathematics,S4172,Ahmed,Jones,76.88,75.71
Mathematics,S4193,Ahmed,Davis,80.23,75.71
Mathematics,S4195,Maria,Williams,94.53,75.71
Mathematics,S4198,Ali,Davis,87.48,75.71
Mathematics,S4213,Maria,Jones,82.74,75.71
Mathematics,S4219,Liam,Davis,76.54,75.71
Mathematics,S4220,Emma,Jones,85.6,75.71
Mathematics,S4221,Liam,Jones,85.82,75.71
Mathematics,S4223,John,Brown,87.69,75.71
Mathematics,S4241,Maria,Brown,91.47,75.71
Mathematics,S4274,Liam,Jones,90.65,75.71
Mathematics,S4280,Maria,Johnson,76.68,75.71
Mathematics,S4281,Ali,Johnson,81.77,75.71
Mathematics,S4299,Ahmed,Johnson,86.52,75.71
Mathematics,S4305,Ahmed,Davis,97.76,75.71
Mathematics,S4306,Sara,Johnson,77.14,75.71
Mathematics,S4318,Omar,Jones,80.57,75.71
Mathematics,S4337,Emma,Davis,93.44,75.71
Mathematics,S4339,Ahmed,Smith,82.22,75.71
Mathematics,S4346,Emma,Davis,80.25,75.71
Mathematics,S4349,Omar,Johnson,99.25,75.71
Mathematics,S4360,Sara,Brown,80.17,75.71
Mathematics,S4371,Ali,Williams,89.56,75.71
Mathematics,S4373,Omar,Johnson,93.24,75.71
Mathematics,S4374,Emma,Williams,95.68,75.71
Mathematics,S4377,Liam,Brown,88.52,75.71
Mathematics,S4401,Liam,Smith,79.89,75.71
Mathematics,S4405,Omar,Smith,75.86,75.71
Mathematics,S4406,Emma,Davis,92.84,75.71
Mathematics,S4410,Maria,Davis,99.42,75.71
Mathematics,S4420,John,Brown,75.87,75.71
Mathematics,S4423,Ahmed,Davis,93.31,75.71
Mathematics,S4427,Ali,Smith,91.38,75.71
Mathematics,S4429,Emma,Jones,79.3,75.71
Mathematics,S4435,Omar,Johnson,93.72,75.71
Mathematics,S4441,Ahmed,Smith,95.78,75.71
Mathematics,S4449,Liam,Jones,89.01,75.71
Mathematics,S4468,Omar,Johnson,85.71,75.71
Mathematics,S4474,Ahmed,Smith,85.18,75.71
Mathematics,S4475,John,Johnson,76.74,75.71
Mathematics,S4476,Omar,Jones,93.42,75.71
Mathematics,S4479,Emma,Johnson,99.46,75.71
Mathematics,S4497,Omar,Johnson,86.07,75.71
Mathematics,S4501,Ahmed,Williams,82.78,75.71
Mathematics,S4530,Maria,Smith,86.76,75.71
Mathematics,S4544,Ahmed,Williams,94.59,75.71
Mathematics,S4546,Ali,Smith,78.36,75.71
Mathematics,S4553,Sara,Davis,99.55,75.71
Mathematics,S4556,Ahmed,Jones,77.36,75.71
Mathematics,S4559,Sara,Smith,87.33,75.71
Mathematics,S4569,Liam,Johnson,81.04,75.71
Mathematics,S4573,Ali,Johnson,76.81,75.71
Mathematics,S4579,Ahmed,Johnson,94.7,75.71
Mathematics,S4589,Liam,Brown,88.46,75.71
Mathematics,S4599,Ali,Jones,83.85,75.71
Mathematics,S4606,Emma,Johnson,85.3,75.71
Mathematics,S4615,John,Johnson,90.52,75.71
Mathematics,S4624,Liam,Smith,88.8,75.71
Mathematics,S4626,Emma,Williams,86.4,75.71
Mathematics,S4628,Liam,Brown,78.81,75.71
Mathematics,S4631,Ali,Davis,99.15,75.71
Mathematics,S4634,Liam,Jones,94.01,75.71
Mathematics,S4636,Ali,Davis,93.82,75.71
Mathematics,S4638,Sara,Smith,89.77,75.71
Mathematics,S4639,Omar,Smith,93.5,75.71
Mathematics,S4641,John,Davis,93.57,75.71
Mathematics,S4649,Ali,Williams,92.69,75.71
Mathematics,S4662,Emma,Johnson,98.19,75.71
Mathematics,S4663,Ahmed,Williams,94.23,75.71
Mathematics,S4665,Liam,Davis,81.56,75.71
Mathematics,S4668,Liam,Smith,77.76,75.71
Mathematics,S4672,John,Smith,98.94,75.71
Mathematics,S4676,Liam,Johnson,97.4,75.71
Mathematics,S4677,Sara,Brown,90.52,75.71
Mathematics,S4678,Omar,Johnson,82.97,75.71
Mathematics,S4689,Maria,Johnson,85.06,75.71
Mathematics,S4696,Emma,Johnson,99.3,75.71
Mathematics,S4720,Omar,Jones,80.24,75.71
Mathematics,S4732,Ahmed,Williams,82.33,75.71
Mathematics,S4738,Omar,Jones,87.97,75.71
Mathematics,S4742,Omar,Johnson,83.09,75.71
Mathematics,S4747,Maria,Johnson,95.71,75.71
Mathematics,S4748,Ahmed,Brown,95.43,75.71
Mathematics,S4752,Ahmed,Johnson,76.2,75.71
Mathematics,S4780,Liam,Davis,76.94,75.71
Mathematics,S4783,Liam,Williams,76.43,75.71
Mathematics,S4788,Sara,Johnson,76.41,75.71
Mathematics,S4803,Sara,Johnson,95.59,75.71
Mathematics,S4807,Maria,Brown,80.2,75.71
Mathematics,S4809,Emma,Davis,97.99,75.71
Mathematics,S4815,Maria,Davis,85.11,75.71
Mathematics,S4823,John,Johnson,98.32,75.71
Mathematics,S4828,Ahmed,Davis,83.97,75.71
Mathematics,S4831,Sara,Jones,91.28,75.71
Mathematics,S4837,Emma,Williams,81.58,75.71
Mathematics,S4844,Emma,Williams,89.63,75.71
Mathematics,S4851,Ali,Johnson,77.05,75.71
Mathematics,S4866,Emma,Brown,99.16,75.71
Mathematics,S4872,Omar,Johnson,89.57,75.71
Mathematics,S4874,Maria,Davis,94.11,75.71
Mathematics,S4875,John,Jones,91.37,75.71
Mathematics,S4902,Maria,Johnson,85.81,75.71
Mathematics,S4910,Maria,Davis,78.45,75.71
Mathematics,S4927,Omar,Davis,76.93,75.71
Mathematics,S4943,Emma,Jones,90.92,75.71
Mathematics,S4944,Ahmed,Smith,89.64,75.71
Mathematics,S4955,Sara,Brown,95.81,75.71
Mathematics,S4978,Ali,Jones,86.13,75.71
Mathematics,S4984,Maria,Davis,77.65,75.71
Mathematics,S4991,Ali,Davis,81.9,75.71
Mathematics,S4992,Maria,Johnson,80.4,75.71
Mathematics,S5001,Omar,Brown,87.96,75.71
Mathematics,S5004,Maria,Smith,94.33,75.71
Mathematics,S5022,Maria,Smith,80.5,75.71
Mathematics,S5023,Sara,Brown,85.74,75.71
Mathematics,S5029,Sara,Jones,77.58,75.71
Mathematics,S5047,Sara,Brown,88.62,75.71
Mathematics,S5054,Sara,Williams,86.79,75.71
Mathematics,S5056,Sara,Williams,89.06,75.71
Mathematics,S5070,Ali,Johnson,96.62,75.71
Mathematics,S5079,Ali,Smith,88.02,75.71
Mathematics,S5092,Ali,Smith,89.11,75.71
Mathematics,S5098,Emma,Brown,94.19,75.71
Mathematics,S5106,Sara,Jones,77.64,75.71
Mathematics,S5107,Emma,Smith,79.83,75.71
Mathematics,S5123,Emma,Brown,96.27,75.71
Mathematics,S5124,Maria,Smith,85.0,75.71
Mathematics,S5126,Sara,Jones,97.47,75.71
Mathematics,S5134,Omar,Smith,76.63,75.71
Mathematics,S5136,Maria,Jones,91.14,75.71
Mathematics,S5143,Omar,Williams,82.38,75.71
Mathematics,S5159,Ali,Brown,84.35,75.71
Mathematics,S5164,Emma,Brown,84.75,75.71
Mathematics,S5170,Maria,Davis,95.43,75.71
Mathematics,S5176,Ali,Brown,98.72,75.71
Mathematics,S5190,Maria,Smith,97.73,75.71
Mathematics,S5191,Ali,Brown,93.72,75.71
Mathematics,S5209,Sara,Jones,81.79,75.71
Mathematics,S5238,Liam,Davis,86.83,75.71
Mathematics,S5239,Ali,Brown,89.33,75.71
Mathematics,S5246,Omar,Williams,85.72,75.71
Mathematics,S5248,Omar,Brown,78.74,75.71
Mathematics,S5264,Ali,Johnson,78.68,75.71
Mathematics,S5276,Ahmed,Smith,94.1,75.71
Mathematics,S5280,Maria,Williams,96.14,75.71
Mathematics,S5281,Emma,Davis,81.17,75.71
Mathematics,S5294,Ahmed,Williams,79.96,75.71
Mathematics,S5312,Maria,Johnson,96.88,75.71
Mathematics,S5315,John,Williams,98.15,75.71
Mathematics,S5324,Emma,Davis,88.88,75.71
Mathematics,S5329,Emma,Smith,82.31,75.71
Mathematics,S5337,Sara,Jones,96.39,75.71
Mathematics,S5341,Liam,Smith,77.69,75.71
Mathematics,S5347,Maria,Johnson,87.01,75.71
Mathematics,S5355,John,Davis,99.27,75.71
Mathematics,S5356,Maria,Brown,77.03,75.71
Mathematics,S5398,John,Williams,97.08,75.71
Mathematics,S5413,Emma,Jones,80.81,75.71
Mathematics,S5441,Ahmed,Davis,80.12,75.71
Mathematics,S5454,John,Jones,92.61,75.71
Mathematics,S5455,Ahmed,Brown,76.67,75.71
Mathematics,S5458,John,Smith,80.09,75.71
Mathematics,S5466,Liam,Williams,87.85,75.71
Mathematics,S5467,Sara,Davis,99.66,75.71
Mathematics,S5470,Emma,Johnson,78.67,75.71
Mathematics,S5471,Emma,Brown,88.2,75.71
Mathematics,S5481,Liam,Smith,94.33,75.71
Mathematics,S5485,John,Brown,85.67,75.71
Mathematics,S5486,Liam,Smith,79.96,75.71
Mathematics,S5487,Emma,Jones,99.38,75.71
Mathematics,S5490,Omar,Jones,86.41,75.71
Mathematics,S5506,Ali,Davis,82.83,75.71
Mathematics,S5512,Ahmed,Jones,88.84,75.71
Mathematics,S5514,Omar,Davis,78.18,75.71
Mathematics,S5520,Omar,Johnson,75.82,75.71
Mathematics,S5529,Ahmed,Jones,94.7,75.71
Mathematics,S5544,Ahmed,Johnson,95.52,75.71
Mathematics,S5547,Maria,Davis,97.23,75.71
Mathematics,S5553,Ali,Williams,86.38,75.71
Mathematics,S5556,Omar,Davis,84.9,75.71
Mathematics,S5558,Emma,Johnson,85.88,75.71
Mathematics,S5570,Maria,Williams,99.46,75.71
Mathematics,S5585,Ali,Smith,79.94,75.71
Mathematics,S5589,Ali,Brown,99.29,75.71
Mathematics,S5590,Emma,Williams,95.29,75.71
Mathematics,S5591,Ali,Williams,76.37,75.71
Mathematics,S5597,Ali,Johnson,86.73,75.71
Mathematics,S5605,Sara,Johnson,95.11,75.71
Mathematics,S5607,Emma,Brown,76.17,75.71
Mathematics,S5608,Emma,Brown,85.31,75.71
Mathematics,S5645,Ahmed,Davis,78.74,75.71
Mathematics,S5652,Sara,Williams,89.86,75.71
Mathematics,S5665,Maria,Jones,90.46,75.71
Mathematics,S5668,Sara,Brown,93.25,75.71
Mathematics,S5669,Maria,Jones,81.86,75.71
Mathematics,S5672,Omar,Davis,90.63,75.71
Mathematics,S5679,Liam,Jones,85.03,75.71
Mathematics,S5688,Omar,Williams,89.06,75.71
Mathematics,S5691,Ahmed,Brown,96.69,75.71
Mathematics,S5693,Sara,Jones,83.01,75.71
Mathematics,S5699,Emma,Williams,76.19,75.71
Mathematics,S5701,John,Davis,89.84,75.71
Mathematics,S5703,Ali,Smith,79.43,75.71
Mathematics,S5708,Maria,Johnson,97.94,75.71
Mathematics,S5710,John,Brown,85.03,75.71
Mathematics,S5711,Ahmed,Smith,79.72,75.71
Mathematics,S5712,Sara,Davis,78.58,75.71
Mathematics,S5717,Emma,Johnson,82.23,75.71
Mathematics,S5727,Omar,Jones,88.35,75.71
Mathematics,S5741,Emma,Davis,99.19,75.71
Mathematics,S5754,Sara,Smith,77.92,75.71
Mathematics,S5780,Omar,Smith,97.43,75.71
Mathematics,S5784,Ahmed,Brown,92.79,75.71
Mathematics,S5785,Omar,Brown,84.61,75.71
Mathematics,S5788,Liam,Brown,93.22,75.71
Mathematics,S5789,Ali,Brown,80.44,75.71
Mathematics,S5797,Sara,Smith,96.2,75.71
Mathematics,S5802,Omar,Jones,76.53,75.71
Mathematics,S5805,John,Williams,89.77,75.71
Mathematics,S5818,Ali,Smith,89.22,75.71
Mathematics,S5820,Maria,Davis,92.2,75.71
Mathematics,S5822,Ahmed,Jones,86.72,75.71
Mathematics,S5836,Emma,Johnson,89.86,75.71
Mathematics,S5839,John,Davis,98.84,75.71
Mathematics,S5845,Ahmed,Williams,84.86,75.71
Mathematics,S5851,Sara,Williams,95.33,75.71
Mathematics,S5852,Ahmed,Jones,90.86,75.71
Mathematics,S5853,Ahmed,Johnson,88.74,75.71
Mathematics,S5854,Sara,Brown,81.2,75.71
Mathematics,S5877,Ahmed,Davis,84.72,75.71
Mathematics,S5883,Ahmed,Smith,89.53,75.71
Mathematics,S5905,Maria,Johnson,97.44,75.71
Mathematics,S5914,Omar,Smith,90.3,75.71
Mathematics,S5925,Emma,Smith,84.45,75.71
Mathematics,S5934,Maria,Williams,98.85,75.71
Mathematics,S5972,Maria,Davis,91.72,75.71
Mathematics,S5976,Omar,Williams,78.46,75.71
Mathematics,S5987,John,Brown,87.95,75.71
Mathematics,S5991,John,Williams,94.77,75.71
Mathematics,S5999,Maria,Brown,78.32,75.71
