STUDENT_ID,FIRST_NAME,LAST_NAME
S1000,Omar,Williams
S1001,Maria,Brown
S1002,Ahmed,Jones
S1003,Omar,Williams
S1004,John,Smith
S1005,Liam,Brown
S1006,Ahmed,Jones
S1008,Omar,Smith
S1012,John,Davis
S1014,Liam,Williams
S1015,Ahmed,Jones
S1016,Maria,Jones
S1028,Liam,Davis
S1029,Maria,Jones
S1030,Ahmed,Brown
S1032,Maria,Smith
S1033,Sara,Williams
S1034,Emma,Davis
S1035,Ahmed,Smith
S1037,Ali,Williams
S1039,John,Johnson
S1040,John,Johnson
S1041,Omar,Smith
S1042,Sara,Davis
S1044,Maria,Smith
S1045,Maria,Brown
S1046,Liam,Smith
S1047,Omar,Jones
S1049,Emma,Jones
S1050,Omar,Jones
S1051,Emma,Jones
S1053,Maria,Smith
S1056,Liam,Williams
S1057,Ali,Johnson
S1061,Omar,Davis
S1063,Ali,Davis
S1064,Omar,Davis
S1069,Emma,Brown
S1070,Sara,Jones
S1072,Ali,Johnson
S1073,Sara,Jones
S1074,Ahmed,Jones
S1076,Maria,Williams
S1078,Omar,Johnson
S1080,Omar,Johnson
S1082,Ahmed,Brown
S1083,Liam,Davis
S1084,Omar,Brown
S1087,Ali,Johnson
S1090,Liam,Johnson
S1092,Sara,Davis
S1093,Emma,Davis
S1094,Emma,Williams
S1096,Sara,Jones
S1097,Maria,Jones
S1101,Sara,Davis
S1102,Sara,Jones
S1109,Omar,Smith
S1110,Liam,Davis
S1111,Omar,Smith
S1114,Omar,Johnson
S1115,Maria,Brown
S1117,Emma,Brown
S1118,Liam,Brown
S1119,Ahmed,Johnson
S1121,Ahmed,Johnson
S1122,Sara,Brown
S1124,Ahmed,Brown
S1125,Liam,Jones
S1128,Maria,Brown
S1129,Maria,Jones
S1130,Maria,Williams
S1131,Ahmed,Johnson
S1132,Ali,Brown
S1133,Ahmed,Davis
S1134,Omar,Johnson
S1136,Ali,Johnson
S1138,Omar,Smith
S1140,Liam,Smith
S1141,Ali,Smith
S1144,Liam,Jones
S1147,John,Davis
S1148,Ali,Davis
S1150,John,Johnson
S1151,John,Smith
S1152,Ali,Davis
S1156,Omar,Jones
S1157,Sara,Brown
S1158,Ali,Williams
S1160,Omar,Smith
S1165,Ali,Johnson
S1166,Liam,Brown
S1168,Omar,Brown
S1169,Emma,Johnson
S1170,Liam,Williams
S1171,Ahmed,Jones
S1172,John,Williams
S1174,Liam,Davis
S1175,Emma,Brown
S1176,John,Williams
S1180,Ahmed,Johnson
S1181,Omar,Jones
S1182,Emma,Smith
S1183,John,Brown
S1184,Ali,Williams
S1185,Ahmed,Smith
S1188,Omar,Jones
S1190,Omar,Jones
S1193,Omar,Brown
S1194,Omar,Williams
S1195,Sara,Smith
S1196,Sara,Brown
S1197,Maria,Smith
S1198,Ahmed,Davis
S1200,Omar,Jones
S1202,Omar,Williams
S1204,Maria,Brown
S1205,Ahmed,Jones
S1206,Liam,Johnson
S1207,Maria,Smith
S1208,Emma,Jones
S1210,Omar,Brown
S1211,Omar,Smith
S1212,Ahmed,Williams
S1213,Omar,Johnson
S1214,John,Davis
S1215,Ahmed,Williams
S1216,Maria,Brown
S1218,Liam,Brown
S1219,Omar,Smith
S1220,John,Jones
S1222,Emma,Jones
S1223,Maria,Jones
S1224,Sara,Brown
S1225,Sara,Johnson
S1226,Ahmed,Smith
S1228,Ali,Davis
S1230,Emma,Davis
S1231,Maria,Davis
S1233,Maria,Brown
S1234,Maria,Jones
S1235,Maria,Jones
S1236,Emma,Jones
S1238,John,Smith
S1240,Sara,Johnson
S1241,Omar,Williams
S1242,Maria,Brown
S1245,Emma,Brown
S1246,Ali,Jones
S1248,Ali,Davis
S1249,John,Davis
S1252,Maria,Jones
S1253,Ahmed,Brown
S1255,John,Williams
S1256,Omar,Jones
S1257,Emma,Smith
S1259,John,Davis
S1260,Ali,Davis
S1261,Emma,Johnson
S1267,Liam,Jones
S1272,Liam,Smith
S1273,Liam,Brown
S1274,Ali,Davis
S1275,Maria,Johnson
S1276,Ali,Williams
S1281,Maria,Brown
S1282,Emma,Davis
S1283,Omar,Brown
S1285,John,Williams
S1287,Ahmed,Brown
S1288,Ali,Johnson
S1291,John,Davis
S1295,Maria,Smith
S1296,Emma,Brown
S1298,Ahmed,Brown
S1300,Ali,Davis
S1302,John,Johnson
S1303,Emma,Williams
S1304,Sara,Davis
S1306,Maria,Johnson
S1307,Sara,Jones
S1308,Liam,Davis
S1309,Emma,Jones
S1312,Maria,Johnson
S1313,Omar,Brown
S1314,John,Smith
S1315,Liam,Davis
S1317,Ali,Williams
S1319,Emma,Brown
S1320,Liam,Jones
S1321,Ahmed,Brown
S1323,Sara,Smith
S1324,Emma,Williams
S1326,John,Smith
S1328,Liam,Davis
S1329,Liam,Williams
S1331,Ali,Williams
S1333,John,Smith
S1335,Liam,Johnson
S1336,Ahmed,Johnson
S1339,Maria,Brown
S1340,John,Brown
S1341,Maria,Johnson
S1342,John,Brown
S1343,Sara,Johnson
S1344,John,Smith
S1346,John,Brown
S1347,Maria,Johnson
S1349,Omar,Brown
S1351,Ali,Smith
S1353,Liam,Williams
S1354,Liam,Johnson
S1357,Liam,Smith
S1358,Ali,Johnson
S1359,John,Smith
S1362,Ali,Jones
S1363,Sara,Williams
S1364,Omar,Williams
S1365,Omar,Jones
S1366,Emma,Jones
S1367,Sara,Brown
S1368,John,Brown
S1369,Omar,Williams
S1375,Maria,Davis
S1376,Maria,Brown
S1377,Ali,Smith
S1378,Sara,Smith
S1380,Liam,Johnson
S1381,Emma,Johnson
S1385,Liam,Brown
S1387,Omar,Smith
S1388,Ali,Williams
S1389,Ali,Davis
S1390,John,Smith
S1391,John,Johnson
S1392,Liam,Davis
S1393,Liam,Williams
S1394,John,Johnson
S1396,Liam,Johnson
S1397,Emma,Jones
S1398,Liam,Davis
S1399,Ali,Jones
S1400,Liam,Davis
S1404,Liam,Davis
S1405,Maria,Johnson
S1407,Liam,Johnson
S1409,Emma,Jones
S1410,John,Davis
S1412,Emma,Davis
S1413,Ali,Davis
S1414,John,Jones
S1415,Ali,Brown
S1417,Sara,Williams
S1418,Liam,Brown
S1419,Emma,Smith
S1420,Sara,Smith
S1421,Sara,Williams
S1423,John,Johnson
S1424,Liam,Williams
S1426,Ali,Brown
S1430,Ali,Williams
S1431,Emma,Brown
S1432,Ahmed,Williams
S1433,Liam,Johnson
S1435,Liam,Smith
S1436,Liam,Brown
S1437,Liam,Williams
S1441,Liam,Williams
S1443,Liam,Davis
S1445,John,Johnson
S1446,John,Davis
S1447,Emma,Brown
S1449,Emma,Williams
S1450,Emma,Jones
S1452,Emma,Jones
S1454,Ahmed,Smith
S1457,Liam,Jones
S1458,John,Johnson
S1460,Sara,Jones
S1462,Emma,Davis
S1463,Ali,Brown
S1464,Maria,Davis
S1467,Ali,Smith
S1468,Ahmed,Williams
S1469,Maria,Brown
S1472,John,Jones
S1475,Liam,Smith
S1477,Liam,Johnson
S1478,Ali,Brown
S1480,Maria,Brown
S1481,Emma,Brown
S1483,Emma,Williams
S1484,Ahmed,Jones
S1485,Emma,Johnson
S1486,John,Brown
S1488,Ali,Williams
S1489,Ahmed,Davis
S1490,Liam,Jones
S1491,Ahmed,Williams
S1492,Ali,Smith
S1493,Emma,Jones
S1494,Ahmed,Williams
S1498,Ali,Johnson
S1501,Ahmed,Davis
S1502,Ahmed,Williams
S1503,Liam,Johnson
S1504,Omar,Williams
S1505,Ali,Smith
S1506,Liam,Smith
S1507,John,Jones
S1509,Sara,Williams
S1510,Ali,Brown
S1512,Omar,Jones
S1513,Emma,Davis
S1514,Sara,Williams
S1515,John,Williams
S1517,Emma,Williams
S1519,Sara,Davis
S1522,Emma,Jones
S1523,Omar,Brown
S1524,Sara,Jones
S1525,Omar,Brown
S1526,John,Jones
S1527,Sara,Williams
S1528,Sara,Johnson
S1529,Sara,Brown
S1531,Liam,Johnson
S1532,Ali,Smith
S1533,Ali,Johnson
S1538,Ahmed,Johnson
S1539,Sara,Williams
S1541,Sara,Smith
S1543,Sara,Jones
S1545,Liam,Smith
S1546,Ahmed,Smith
S1547,Maria,Davis
S1548,Sara,Johnson
S1550,Ali,Smith
S1553,Maria,Jones
S1558,Liam,Brown
S1559,Emma,Johnson
S1560,Maria,Williams
S1564,Maria,Johnson
S1565,Sara,Jones
S1566,Sara,Jones
S1567,Liam,Davis
S1569,Omar,Johnson
S1571,John,Johnson
S1572,Ali,Brown
S1574,Omar,Jones
S1576,Ahmed,Williams
S1577,Emma,Davis
S1582,Maria,Brown
S1583,Sara,Johnson
S1584,Emma,Williams
S1585,Omar,Jones
S1586,Emma,Smith
S1590,Ali,Brown
S1591,Liam,Johnson
S1593,Maria,Johnson
S1594,Maria,Brown
S1595,Maria,Williams
S1600,Ahmed,Brown
S1601,Liam,Jones
S1602,Maria,Jones
S1604,Omar,Jones
S1606,Omar,Smith
S1607,Liam,Smith
S1609,Liam,Smith
S1610,Ahmed,Brown
S1613,Sara,Jones
S1614,Emma,Smith
S1615,John,Johnson
S1616,Ali,Davis
S1617,Liam,Jones
S1619,John,Brown
S1620,Maria,Williams
S1621,Sara,Williams
S1622,Omar,Davis
S1623,Sara,Brown
S1624,Ahmed,Brown
S1625,Sara,Brown
S1631,Maria,Jones
S1632,Ahmed,Johnson
S1633,Ali,Johnson
S1634,Sara,Davis
S1636,Ali,Jones
S1637,Omar,Smith
S1638,Sara,Williams
S1639,Liam,Williams
S1640,Emma,Davis
S1641,Emma,Smith
S1642,Liam,Davis
S1644,Liam,Davis
S1645,Ahmed,Brown
S1646,Ahmed,Davis
S1647,Ali,Jones
S1648,Liam,Davis
S1654,Emma,Williams
S1657,John,Smith
S1660,Liam,Johnson
S1661,John,Davis
S1662,Ahmed,Smith
S1663,Emma,Smith
S1664,Ali,Brown
S1665,Ahmed,Brown
S1666,Emma,Smith
S1670,Ali,Davis
S1672,Emma,Smith
S1673,Emma,Smith
S1674,Maria,Williams
S1675,Ahmed,Brown
S1678,Sara,Johnson
S1680,Liam,Davis
S1681,Ahmed,Smith
S1682,Omar,Johnson
S1683,Maria,Jones
S1684,Ali,Davis
S1685,Emma,Smith
S1686,Emma,Smith
S1687,Ahmed,Johnson
S1688,Omar,Williams
S1689,Sara,Smith
S1690,Sara,Jones
S1692,Ahmed,Jones
S1693,Maria,Davis
S1694,Sara,Davis
S1696,Omar,Brown
S1697,Sara,Jones
S1698,Sara,Williams
S1700,Sara,Smith
S1703,Liam,Smith
S1705,Ahmed,Williams
S1709,Liam,Johnson
S1710,Omar,Smith
S1711,Sara,Williams
S1713,Maria,Brown
S1717,Maria,Smith
S1719,Maria,Johnson
S1722,Maria,Williams
S1725,Ahmed,Davis
S1727,John,Smith
S1728,Ahmed,Smith
S1729,Maria,Williams
S1731,Ali,Smith
S1737,Ahmed,Williams
S1738,Ahmed,Williams
S1740,Omar,Williams
S1743,Ahmed,Smith
S1744,John,Brown
S1747,Omar,Johnson
S1748,Ali,Davis
S1749,Sara,Williams
S1752,Sara,Davis
S1753,Sara,Williams
S1754,Sara,Johnson
S1755,Emma,Williams
S1757,John,Johnson
S1759,Omar,Brown
S1763,Sara,Davis
S1764,Ahmed,Jones
S1767,Liam,Williams
S1768,Maria,Brown
S1771,Ahmed,Smith
S1774,Sara,Brown
S1775,Ahmed,Davis
S1778,Liam,Williams
S1779,John,Smith
S1782,Liam,Smith
S1784,Sara,Davis
S1785,Ali,Jones
S1787,Liam,Johnson
S1788,Liam,Davis
S1790,Emma,Smith
S1791,Liam,Jones
S1792,Ahmed,Brown
S1795,Omar,Williams
S1797,Omar,Jones
S1798,Ali,Brown
S1800,Ali,Johnson
S1804,Emma,Johnson
S1805,Maria,Davis
S1807,Ali,Johnson
S1808,Emma,Smith
S1809,Ahmed,Johnson
S1810,John,Davis
S1811,John,Johnson
S1812,Ali,Jones
S1815,Ahmed,Smith
S1816,Ali,Jones
S1817,John,Johnson
S1819,Ali,Brown
S1820,Omar,Smith
S1821,Maria,Smith
S1822,Emma,Williams
S1823,Omar,Smith
S1824,Liam,Brown
S1828,Omar,Johnson
S1829,Liam,Smith
S1833,Maria,Johnson
S1834,Ali,Davis
S1835,Maria,Davis
S1837,Ahmed,Williams
S1839,Ahmed,Jones
S1842,Ali,Williams
S1843,Omar,Smith
S1845,Ahmed,Brown
S1846,Sara,Brown
S1847,Sara,Williams
S1849,Emma,Williams
S1850,Omar,Johnson
S1851,Sara,Davis
S1852,Ahmed,Jones
S1853,John,Johnson
S1855,Ahmed,Williams
S1856,John,Davis
S1857,John,Williams
S1858,Sara,Johnson
S1859,Omar,Smith
S1861,Ali,Davis
S1863,Sara,Williams
S1866,Ahmed,Brown
S1869,Emma,Brown
S1870,Ahmed,Smith
S1872,Sara,Johnson
S1873,Ali,Smith
S1874,Sara,Johnson
S1877,Sara,Davis
S1879,Ahmed,Jones
S1881,Emma,Davis
S1883,Liam,Johnson
S1884,Liam,Davis
S1886,Ali,Jones
S1887,Emma,Brown
S1888,Maria,Smith
S1894,Maria,Brown
S1895,Maria,Williams
S1896,Emma,Smith
S1897,Maria,Johnson
S1900,Ahmed,Jones
S1904,John,Davis
S1905,Sara,Smith
S1906,Sara,Johnson
S1907,John,Johnson
S1908,Omar,Williams
S1909,Emma,Davis
S1911,Ahmed,Williams
S1912,Ahmed,Brown
S1917,Maria,Brown
S1918,Maria,Jones
S1919,Liam,Williams
S1920,Ahmed,Smith
S1922,Ali,Johnson
S1923,Omar,Williams
S1926,Ahmed,Williams
S1927,Maria,Smith
S1928,Emma,Smith
S1930,Omar,Johnson
S1931,Maria,Brown
S1932,Ali,Jones
S1933,Ali,Smith
S1934,Liam,Jones
S1935,Ali,Brown
S1938,Emma,Davis
S1939,Sara,Jones
S1940,Maria,Williams
S1941,Ahmed,Johnson
S1942,Liam,Williams
S1951,Maria,Davis
S1952,Ahmed,Johnson
S1954,John,Davis
S1955,John,Williams
S1956,Maria,Brown
S1959,Omar,Davis
S1960,Ali,Williams
S1962,Emma,Davis
S1963,Omar,Smith
S1966,Ahmed,Williams
S1967,Emma,Davis
S1968,Emma,Johnson
S1970,Liam,Smith
S1971,Omar,Jones
S1972,Ali,Davis
S1973,John,Williams
S1974,Maria,Smith
S1976,Liam,Brown
S1979,Emma,Davis
S1980,Maria,Jones
S1981,Liam,Smith
S1985,Sara,Johnson
S1986,Maria,Jones
S1990,Sara,Brown
S1992,Sara,Johnson
S1993,Maria,Brown
S1994,Maria,Johnson
S1995,Ahmed,Brown
S1997,Maria,Jones
S1998,Liam,Brown
S1999,John,Johnson
S2000,Emma,Johnson
S2003,Ali,Johnson
S2004,Ali,Smith
S2008,Maria,Jones
S2010,Ahmed,Davis
S2011,Ahmed,Brown
S2012,Emma,Brown
S2014,Ahmed,Williams
S2015,Emma,Davis
S2016,Sara,Davis
S2017,John,Johnson
S2019,Ahmed,Smith
S2022,Sara,Jones
S2023,Sara,Jones
S2025,Emma,Smith
S2028,Ahmed,Jones
S2029,Ahmed,Johnson
S2030,Omar,Williams
S2031,Liam,Jones
S2033,Emma,Williams
S2034,Ali,Williams
S2035,Sara,Brown
S2039,John,Brown
S2040,Ahmed,Brown
S2042,Omar,Johnson
S2043,Ali,Smith
S2044,Emma,Jones
S2045,John,Jones
S2046,John,Johnson
S2048,Ahmed,Smith
S2052,John,Brown
S2053,Omar,Davis
S2055,Ahmed,Smith
S2056,Liam,Johnson
S2057,Omar,Johnson
S2058,Emma,Smith
S2060,Ali,Jones
S2065,John,Jones
S2067,Omar,Davis
S2068,Ahmed,Smith
S2070,Ahmed,Jones
S2072,Sara,Smith
S2074,Ali,Williams
S2075,Ahmed,Davis
S2076,Emma,Smith
S2079,Ali,Jones
S2080,John,Jones
S2083,Maria,Brown
S2084,Emma,Jones
S2085,Ali,Smith
S2086,Ali,Jones
S2087,Liam,Johnson
S2088,Liam,Jones
S2089,Sara,Davis
S2090,Maria,Brown
S2091,Omar,Johnson
S2092,Liam,Davis
S2093,Omar,Davis
S2094,Sara,Davis
S2095,Sara,Smith
S2097,Emma,Smith
S2099,John,Williams
S2100,John,Johnson
S2102,Maria,Davis
S2103,Ali,Johnson
S2104,Emma,Johnson
S2105,Maria,Brown
S2106,Ahmed,Williams
S2107,Emma,Brown
S2109,John,Smith
S2110,Ali,Johnson
S2111,Ali,Brown
S2112,Liam,Williams
S2116,Omar,Davis
S2117,Ahmed,Davis
S2119,Emma,Williams
S2120,Sara,Jones
S2121,John,Smith
S2122,John,Smith
S2124,Emma,Smith
S2126,Maria,Williams
S2127,Sara,Johnson
S2131,Sara,Johnson
S2132,Emma,Johnson
S2135,John,Davis
S2136,Omar,Smith
S2137,Sara,Johnson
S2144,Maria,Johnson
S2145,Emma,Smith
S2147,Sara,Jones
S2149,Ali,Smith
S2150,Ahmed,Williams
S2151,Ahmed,Johnson
S2152,Maria,Smith
S2153,Sara,Jones
S2154,Liam,Smith
S2155,Ali,Smith
S2156,Sara,Davis
S2158,Maria,Williams
S2159,Maria,Smith
S2160,Liam,Williams
S2162,Sara,Williams
S2163,Emma,Jones
S2165,Sara,Williams
S2167,Emma,Brown
S2168,John,Smith
S2169,John,Davis
S2170,Liam,Brown
S2171,John,Smith
S2172,John,Smith
S2175,Omar,Davis
S2176,Omar,Smith
S2177,Liam,Williams
S2178,Omar,Brown
S2179,John,Williams
S2183,Maria,Jones
S2184,Liam,Williams
S2186,Liam,Johnson
S2187,Ali,Smith
S2190,John,Williams
S2191,John,Jones
S2192,Ahmed,Davis
S2194,Sara,Smith
S2195,Ahmed,Johnson
S2197,John,Johnson
S2198,John,Davis
S2199,Ahmed,Davis
S2201,Sara,Smith
S2202,Maria,Brown
S2203,Sara,Brown
S2206,Ahmed,Smith
S2210,Ali,Jones
S2211,Maria,Jones
S2212,Sara,Davis
S2213,Emma,Brown
S2217,Sara,Jones
S2218,Ahmed,Williams
S2219,John,Williams
S2222,Ali,Davis
S2223,Omar,Williams
S2224,Ali,Davis
S2225,Emma,Brown
S2226,Omar,Williams
S2228,Emma,Brown
S2229,John,Williams
S2230,Omar,Johnson
S2231,Liam,Williams
S2232,Ahmed,Williams
S2233,Ali,Davis
S2234,Sara,Williams
S2235,Maria,Johnson
S2237,Liam,Smith
S2239,John,Brown
S2241,Maria,Johnson
S2243,Omar,Smith
S2244,Omar,Brown
S2245,Liam,Smith
S2246,Emma,Johnson
S2248,Sara,Jones
S2252,Liam,Brown
S2253,Sara,Smith
S2254,Ahmed,Williams
S2257,John,Brown
S2259,John,Williams
S2262,Omar,Brown
S2266,Omar,Smith
S2268,Ahmed,Jones
S2270,Sara,Brown
S2271,Emma,Johnson
S2273,John,Jones
S2275,Liam,Davis
S2276,Ali,Johnson
S2277,Omar,Brown
S2278,Ahmed,Johnson
S2279,Maria,Jones
S2281,Omar,Williams
S2282,Ali,Davis
S2283,Ali,Williams
S2284,Omar,Smith
S2286,Sara,Williams
S2288,Maria,Davis
S2289,Ali,Davis
S2293,Ali,Williams
S2294,Maria,Smith
S2296,John,Johnson
S2297,Ali,Johnson
S2298,Ahmed,Brown
S2301,Maria,Johnson
S2303,Emma,Smith
S2305,Omar,Davis
S2307,Liam,Williams
S2308,Ali,Davis
S2310,John,Davis
S2311,Sara,Jones
S2312,Ali,Smith
S2317,Liam,Johnson
S2318,Sara,Davis
S2320,Liam,Williams
S2322,Ahmed,Davis
S2323,Emma,Johnson
S2324,Ahmed,Jones
S2325,Ali,Brown
S2327,Ahmed,Brown
S2328,Emma,Johnson
S2329,Ahmed,Jones
S2330,Emma,Brown
S2331,Emma,Brown
S2332,Omar,Smith
S2333,Liam,Brown
S2334,Maria,Smith
S2335,Emma,Jones
S2336,John,Davis
S2337,Emma,Davis
S2339,Emma,Jones
S2342,Omar,Brown
S2343,Ali,Davis
S2344,Omar,Johnson
S2346,John,Smith
S2350,Maria,Jones
S2351,Liam,Davis
S2352,Omar,Johnson
S2353,Emma,Johnson
S2354,Sara,Williams
S2356,Maria,Davis
S2359,Omar,Williams
S2360,Emma,Brown
S2362,Ali,Williams
S2363,Emma,Jones
S2364,Liam,Williams
S2365,Emma,Jones
S2367,Emma,Williams
S2368,Ali,Jones
S2369,Sara,Williams
S2372,Liam,Jones
S2373,Sara,Smith
S2374,John,Williams
S2377,Ahmed,Williams
S2378,Emma,Jones
S2379,Sara,Williams
S2381,Maria,Williams
S2384,Ali,Jones
S2385,Maria,Williams
S2387,Maria,Davis
S2390,Sara,Smith
S2392,Liam,Williams
S2393,Emma,Johnson
S2394,Ahmed,Williams
S2395,Emma,Williams
S2399,Ahmed,Johnson
S2401,John,Smith
S2404,Sara,Jones
S2405,Liam,Williams
S2406,Sara,Williams
S2412,Ahmed,Brown
S2415,Maria,Davis
S2416,Ali,Johnson
S2421,Ali,Williams
S2422,John,Jones
S2425,Emma,Brown
S2426,Omar,Davis
S2427,John,Smith
S2428,Emma,Johnson
S2432,Emma,Davis
S2433,Maria,Williams
S2434,Maria,Williams
S2435,Sara,Jones
S2436,Emma,Johnson
S2439,John,Johnson
S2440,Ali,Williams
S2441,Sara,Jones
S2446,Liam,Smith
S2447,Liam,Smith
S2448,Emma,Davis
S2449,Maria,Johnson
S2451,Ahmed,Williams
S2452,Liam,Smith
S2455,Ahmed,Brown
S2456,Emma,Davis
S2457,Maria,Davis
S2459,John,Smith
S2460,Ahmed,Jones
S2462,Ahmed,Davis
S2463,John,Johnson
S2464,John,Brown
S2465,Emma,Johnson
S2467,Emma,Williams
S2468,Maria,Williams
S2469,Ali,Brown
S2470,Ahmed,Davis
S2471,Sara,Brown
S2472,Ali,Davis
S2474,Liam,Williams
S2475,Liam,Brown
S2477,Liam,Davis
S2478,Emma,Jones
S2483,Ali,Davis
S2485,Omar,Brown
S2487,Ali,Johnson
S2488,Ali,Williams
S2491,Omar,Davis
S2492,Omar,Brown
S2493,Sara,Jones
S2495,Ahmed,Davis
S2496,Liam,Smith
S2501,Emma,Williams
S2503,John,Williams
S2506,Liam,Smith
S2508,Liam,Williams
S2509,Maria,Brown
S2510,Omar,Jones
S2511,Omar,Johnson
S2513,Ali,Smith
S2515,Emma,Davis
S2516,Omar,Davis
S2519,Ahmed,Jones
S2521,Ali,Smith
S2522,Ali,Smith
S2524,Ahmed,Davis
S2528,Emma,Williams
S2529,Maria,Johnson
S2531,Sara,Brown
S2532,Sara,Johnson
S2533,Ahmed,Johnson
S2534,John,Williams
S2537,Emma,Davis
S2541,Omar,Brown
S2542,Maria,Williams
S2543,Ahmed,Jones
S2544,Liam,Davis
S2545,Maria,Smith
S2547,Omar,Williams
S2549,Liam,Jones
S2550,Ahmed,Davis
S2552,Omar,Johnson
S2554,Maria,Smith
S2555,Ahmed,Brown
S2556,Sara,Jones
S2557,John,Jones
S2558,Omar,Brown
S2561,Maria,Davis
S2563,Sara,Johnson
S2566,Ahmed,Johnson
S2567,Maria,Williams
S2568,John,Brown
S2570,Sara,Davis
S2571,Liam,Jones
S2574,Liam,Davis
S2577,Sara,Brown
S2579,John,Smith
S2580,Maria,Smith
S2581,Sara,Johnson
S2582,Ahmed,Smith
S2584,Emma,Jones
S2585,Sara,Johnson
S2586,Ali,Smith
S2587,Ali,Davis
S2592,Maria,Brown
S2593,Maria,Smith
S2594,Maria,Johnson
S2597,Ahmed,Smith
S2598,Liam,Brown
S2600,Liam,Williams
S2601,Omar,Jones
S2602,Sara,Johnson
S2606,Sara,Brown
S2607,Ali,Davis
S2608,Emma,Williams
S2611,Emma,Williams
S2612,Liam,Johnson
S2614,Emma,Williams
S2615,John,Smith
S2616,Omar,Davis
S2619,Ahmed,Smith
S2620,Ahmed,Smith
S2621,Sara,Jones
S2622,Emma,Davis
S2624,Emma,Jones
S2625,Omar,Smith
S2627,Ali,Johnson
S2628,Omar,Davis
S2629,Emma,Davis
S2631,John,Brown
S2633,Omar,Jones
S2635,Omar,Davis
S2636,Ali,Davis
S2639,Sara,Davis
S2641,Ali,Brown
S2642,Ahmed,Williams
S2645,John,Johnson
S2646,Omar,Davis
S2647,Maria,Jones
S2648,Ali,Davis
S2649,Sara,Davis
S2650,John,Smith
S2652,Sara,Davis
S2653,Omar,Williams
S2656,Sara,Williams
S2657,John,Brown
S2658,Ali,Smith
S2660,John,Jones
S2664,John,Smith
S2665,Emma,Smith
S2666,Liam,Davis
S2668,Omar,Johnson
S2672,Liam,Jones
S2676,Omar,Smith
S2678,Emma,Brown
S2679,Sara,Jones
S2681,Sara,Davis
S2682,Ahmed,Brown
S2683,Ali,Smith
S2684,Omar,Smith
S2685,Ali,Jones
S2687,Ali,Johnson
S2688,Ali,Johnson
S2689,Maria,Williams
S2690,Emma,Jones
S2692,Maria,Williams
S2694,Ahmed,Williams
S2703,John,Johnson
S2704,John,Smith
S2705,Liam,Davis
S2707,Emma,Johnson
S2708,Liam,Jones
S2710,Ahmed,Davis
S2711,Ali,Johnson
S2712,Ahmed,Jones
S2714,Emma,Jones
S2715,Liam,Davis
S2716,Liam,Jones
S2717,John,Smith
S2718,Sara,Williams
S2723,Sara,Brown
S2726,Maria,Davis
S2727,Ali,Smith
S2728,Sara,Smith
S2730,Emma,Smith
S2732,Omar,Smith
S2733,Maria,Brown
S2734,Ali,Williams
S2736,Ahmed,Johnson
S2739,John,Smith
S2740,Liam,Jones
S2743,John,Smith
S2745,Sara,Davis
S2746,Maria,Brown
S2747,Ali,Smith
S2749,Omar,Johnson
S2751,Liam,Williams
S2752,Sara,Williams
S2755,Liam,Smith
S2756,Ali,Johnson
S2759,John,Jones
S2763,Omar,Davis
S2764,Ahmed,Jones
S2765,Liam,Jones
S2767,Ali,Davis
S2768,Omar,Smith
S2770,John,Williams
S2771,John,Williams
S2773,Maria,Smith
S2775,Liam,Williams
S2776,Sara,Johnson
S2777,John,Williams
S2780,Emma,Smith
S2782,Liam,Williams
S2783,Emma,Davis
S2784,John,Brown
S2786,Maria,Davis
S2788,Ahmed,Williams
S2789,Emma,Brown
S2792,Omar,Johnson
S2793,Omar,Smith
S2795,Sara,Brown
S2796,Omar,Johnson
S2797,Sara,Jones
S2799,Ali,Johnson
S2800,Omar,Smith
S2801,Ahmed,Smith
S2802,John,Brown
S2803,Liam,Brown
S2805,John,Williams
S2806,Maria,Johnson
S2811,Ali,Brown
S2814,Maria,Johnson
S2815,John,Smith
S2817,Omar,Johnson
S2818,Sara,Brown
S2820,Omar,Brown
S2821,Omar,Williams
S2823,Maria,Brown
S2825,Ahmed,Jones
S2828,Emma,Williams
S2831,Ahmed,Davis
S2832,Maria,Johnson
S2833,John,Smith
S2835,Sara,Brown
S2836,Emma,Johnson
S2838,Liam,Williams
S2839,Ali,Jones
S2840,Sara,Williams
S2841,Emma,Johnson
S2842,Liam,Williams
S2845,Omar,Brown
S2846,Liam,Smith
S2847,Liam,Jones
S2848,Ali,Brown
S2850,John,Johnson
S2853,Ali,Brown
S2857,Ali,Smith
S2858,Omar,Johnson
S2860,Emma,Williams
S2861,Emma,Johnson
S2862,John,Jones
S2863,Emma,Smith
S2864,Maria,Brown
S2865,Sara,Smith
S2866,Sara,Brown
S2867,Ahmed,Davis
S2868,Ahmed,Jones
S2869,Sara,Davis
S2870,Omar,Jones
S2871,Ahmed,Smith
S2872,John,Brown
S2873,Emma,Davis
S2874,Sara,Jones
S2876,Ahmed,Johnson
S2879,Ali,Davis
S2880,Emma,Smith
S2883,Ahmed,Johnson
S2884,Ali,Jones
S2886,Sara,Smith
S2887,Maria,Williams
S2888,Omar,Brown
S2889,Ahmed,Brown
S2893,John,Brown
S2895,Omar,Davis
S2897,John,Johnson
S2902,Ali,Williams
S2905,Sara,Johnson
S2906,Ahmed,Jones
S2907,Ali,Jones
S2909,Ahmed,Williams
S2911,Emma,Davis
S2912,Sara,Jones
S2913,Emma,Jones
S2914,Liam,Smith
S2915,Sara,Williams
S2917,Emma,Smith
S2918,John,Brown
S2920,John,Davis
S2925,Ahmed,Johnson
S2930,Liam,Davis
S2932,Ali,Johnson
S2933,John,Davis
S2934,Omar,Smith
S2935,Liam,Johnson
S2937,Emma,Johnson
S2938,Sara,Brown
S2939,Omar,Smith
S2940,Omar,Brown
S2945,Liam,Smith
S2948,Maria,Davis
S2949,Omar,Johnson
S2950,Maria,Jones
S2951,John,Smith
S2952,John,Davis
S2953,Maria,Davis
S2954,John,Williams
S2955,Ali,Jones
S2956,Emma,Davis
S2957,John,Smith
S2959,John,Davis
S2963,Sara,Davis
S2965,Ali,Davis
S2966,Ali,Jones
S2968,Ali,Williams
S2969,Ali,Davis
S2971,Ahmed,Jones
S2972,John,Davis
S2975,Ali,Jones
S2976,Omar,Smith
S2977,John,Jones
S2979,Sara,Brown
S2983,John,Johnson
S2985,Emma,Smith
S2986,Sara,Johnson
S2987,Maria,Johnson
S2992,John,Davis
S2993,Ali,Williams
S2996,Sara,Brown
S2998,Omar,Smith
S3000,Omar,Davis
S3001,Maria,Jones
S3003,Liam,Williams
S3005,John,Brown
S3008,Ahmed,Williams
S3010,Omar,Brown
S3013,Liam,Johnson
S3014,Emma,Brown
S3015,Liam,Jones
S3016,Ali,Jones
S3017,Sara,Smith
S3019,Maria,Johnson
S3020,Omar,Smith
S3022,Sara,Brown
S3024,Ahmed,Davis
S3026,Omar,Davis
S3029,Liam,Brown
S3030,Omar,Williams
S3032,Omar,Davis
S3033,Sara,Brown
S3034,Ahmed,Jones
S3035,Emma,Johnson
S3036,Sara,Brown
S3037,Omar,Jones
S3038,Emma,Johnson
S3041,Omar,Williams
S3042,Ali,Smith
S3048,Omar,Jones
S3054,Omar,Johnson
S3055,John,Johnson
S3056,Sara,Jones
S3057,John,Jones
S3058,Sara,Jones
S3060,Ali,Johnson
S3062,Omar,Davis
S3064,John,Jones
S3065,Maria,Davis
S3066,Maria,Davis
S3067,Ahmed,Johnson
S3068,Sara,Jones
S3070,Ahmed,Brown
S3073,Sara,Davis
S3075,Omar,Johnson
S3076,Maria,Johnson
S3078,Omar,Jones
S3080,Ali,Brown
S3081,Maria,Davis
S3083,Emma,Williams
S3084,Ali,Johnson
S3085,Ahmed,Williams
S3087,Ali,Smith
S3089,Ahmed,Brown
S3091,Maria,Smith
S3092,Emma,Williams
S3094,Omar,Davis
S3095,John,Davis
S3096,Sara,Williams
S3097,Sara,Davis
S3098,Emma,Smith
S3100,Omar,Davis
S3102,Ahmed,Jones
S3105,Liam,Williams
S3107,John,Brown
S3110,Maria,Smith
S3111,Ahmed,Johnson
S3113,Ali,Williams
S3114,Ahmed,Smith
S3115,Emma,Smith
S3117,Maria,Williams
S3118,Ali,Jones
S3119,Liam,Jones
S3120,Liam,Brown
S3122,Omar,Smith
S3123,Ali,Brown
S3126,Ali,Smith
S3127,Omar,Johnson
S3128,Omar,Davis
S3130,Ahmed,Smith
S3131,Ali,Davis
S3132,Emma,Johnson
S3134,John,Smith
S3135,Ahmed,Smith
S3138,Emma,Brown
S3140,Maria,Johnson
S3142,Emma,Williams
S3144,Ali,Jones
S3149,Omar,Davis
S3150,Ali,Johnson
S3153,Ali,Johnson
S3154,Liam,Johnson
S3156,Maria,Williams
S3157,John,Williams
S3158,Sara,Smith
S3161,Ahmed,Williams
S3163,Maria,Williams
S3165,Omar,Davis
S3166,Liam,Smith
S3167,Omar,Brown
S3168,Emma,Williams
S3172,Ahmed,Jones
S3173,Sara,Brown
S3174,Ali,Davis
S3176,Maria,Johnson
S3178,John,Williams
S3179,Liam,Williams
S3182,Omar,Brown
S3187,Emma,Jones
S3188,Sara,Smith
S3190,Sara,Jones
S3193,Ali,Brown
S3194,Ali,Brown
S3195,Sara,Davis
S3196,John,Jones
S3197,Liam,Brown
S3201,Emma,Johnson
S3204,Ali,Brown
S3206,John,Jones
S3208,Sara,Williams
S3210,Ahmed,Davis
S3211,John,Brown
S3212,Sara,Williams
S3215,Sara,Jones
S3216,Emma,Jones
S3217,Ali,Williams
S3220,Liam,Brown
S3221,John,Smith
S3222,Emma,Davis
S3223,Ahmed,Brown
S3225,Ahmed,Davis
S3226,Omar,Johnson
S3230,Emma,Davis
S3231,Ahmed,Jones
S3235,Liam,Williams
S3237,John,Davis
S3238,Maria,Jones
S3239,Ahmed,Brown
S3241,John,Brown
S3243,Sara,Brown
S3244,Maria,Smith
S3246,Ali,Williams
S3248,Liam,Davis
S3249,Ali,Brown
S3252,John,Smith
S3253,Sara,Brown
S3254,Liam,Johnson
S3257,Emma,Brown
S3258,Liam,Davis
S3260,Ahmed,Jones
S3261,Liam,Davis
S3262,Sara,Johnson
S3265,Ahmed,Brown
S3266,Maria,Johnson
S3267,Liam,Jones
S3268,Ahmed,Johnson
S3269,Maria,Smith
S3270,Ahmed,Johnson
S3271,Ahmed,Brown
S3273,Sara,Johnson
S3275,Ahmed,Williams
S3278,Ahmed,Jones
S3282,Liam,Williams
S3283,Liam,Brown
S3285,Liam,Johnson
S3288,Ahmed,Smith
S3289,Ali,Davis
S3290,Emma,Jones
S3291,Liam,Williams
S3292,John,Smith
S3294,Liam,Jones
S3295,Maria,Brown
S3296,Ali,Johnson
S3298,John,Brown
S3300,Ali,Smith
S3303,Ahmed,Smith
S3304,Ali,Brown
S3305,Ahmed,Jones
S3306,Sara,Johnson
S3307,Maria,Johnson
S3308,Omar,Johnson
S3309,John,Brown
S3310,Emma,Brown
S3311,Maria,Williams
S3312,Omar,Johnson
S3315,Ahmed,Williams
S3317,Ali,Jones
S3318,John,Williams
S3321,Sara,Johnson
S3322,Sara,Williams
S3323,Liam,Smith
S3325,Ahmed,Johnson
S3326,Emma,Smith
S3327,Omar,Johnson
S3328,Omar,Brown
S3329,Sara,Davis
S3330,Maria,Davis
S3331,Sara,Brown
S3337,Sara,Brown
S3338,Liam,Johnson
S3339,Ahmed,Smith
S3340,Emma,Jones
S3341,John,Smith
S3343,Ali,Johnson
S3344,Ali,Jones
S3345,Liam,Davis
S3346,Omar,Jones
S3347,Sara,Davis
S3348,Maria,Smith
S3350,Liam,Johnson
S3351,Ahmed,Williams
S3353,Liam,Smith
S3354,Emma,Johnson
S3355,John,Johnson
S3358,Sara,Brown
S3363,Maria,Johnson
S3365,Omar,Johnson
S3366,Emma,Brown
S3367,Ahmed,Brown
S3368,Ahmed,Johnson
S3371,Maria,Brown
S3372,Liam,Brown
S3373,Maria,Davis
S3374,Sara,Williams
S3376,John,Smith
S3377,Liam,Davis
S3379,Maria,Jones
S3380,Emma,Brown
S3381,Ali,Jones
S3383,Emma,Brown
S3385,Emma,Jones
S3386,Sara,Johnson
S3387,Liam,Davis
S3389,Sara,Jones
S3390,Sara,Johnson
S3392,Liam,Johnson
S3393,Omar,Johnson
S3394,Ahmed,Brown
S3395,Maria,Davis
S3397,John,Brown
S3398,John,Jones
S3400,Ahmed,Davis
S3401,Maria,Davis
S3403,Ahmed,Brown
S3406,Emma,Jones
S3408,Omar,Brown
S3409,Liam,Johnson
S3412,Sara,Jones
S3414,Sara,Williams
S3415,Sara,Jones
S3417,Sara,Jones
S3418,Ahmed,Williams
S3419,Maria,Davis
S3421,John,Davis
S3422,Ahmed,Brown
S3423,Ali,Smith
S3424,Omar,Jones
S3425,Omar,Davis
S3431,Liam,Davis
S3432,Sara,Brown
S3434,Emma,Jones
S3435,Maria,Jones
S3437,John,Brown
S3438,John,Williams
S3441,Emma,Smith
S3443,Liam,Williams
S3444,Maria,Smith
S3449,Ahmed,Davis
S3452,Emma,Brown
S3454,Ali,Jones
S3455,Ahmed,Smith
S3456,John,Jones
S3457,John,Davis
S3458,Ali,Smith
S3459,Sara,Davis
S3462,Omar,Jones
S3466,Liam,Smith
S3469,Liam,Williams
S3472,Omar,Jones
S3474,Liam,Johnson
S3475,John,Williams
S3476,Liam,Brown
S3477,Maria,Davis
S3481,Ahmed,Jones
S3483,Liam,Smith
S3491,Ahmed,Williams
S3492,Liam,Brown
S3495,Liam,Williams
S3496,Maria,Brown
S3497,Sara,Brown
S3500,Emma,Brown
S3504,Emma,Davis
S3506,Ali,Davis
S3508,Maria,Jones
S3509,Maria,Williams
S3510,Maria,Jones
S3511,Ali,Jones
S3513,Liam,Smith
S3515,Maria,Brown
S3518,Emma,Jones
S3520,Ahmed,Williams
S3523,Liam,Johnson
S3525,Liam,Williams
S3527,Ali,Williams
S3532,Liam,Williams
S3533,Sara,Williams
S3534,Emma,Brown
S3537,Emma,Johnson
S3538,Liam,Johnson
S3542,Ali,Johnson
S3544,Emma,Williams
S3545,Ali,Davis
S3546,Liam,Davis
S3548,Emma,Davis
S3549,John,Smith
S3551,Ali,Brown
S3554,Ali,Williams
S3555,Emma,Brown
S3556,Liam,Davis
S3557,Omar,Williams
S3558,Liam,Jones
S3560,Emma,Smith
S3561,Maria,Brown
S3563,Ali,Davis
S3564,Sara,Davis
S3571,Ali,Jones
S3572,Ali,Smith
S3573,Ali,Jones
S3574,Ahmed,Smith
S3575,Emma,Jones
S3576,Ali,Davis
S3577,Ahmed,Davis
S3581,Omar,Brown
S3582,Sara,Williams
S3583,Emma,Smith
S3585,Sara,Johnson
S3587,Sara,Brown
S3591,Sara,Johnson
S3595,Liam,Johnson
S3597,Ahmed,Davis
S3600,Emma,Smith
S3604,Omar,Williams
S3605,Omar,Davis
S3607,Ali,Smith
S3609,Maria,Davis
S3611,Liam,Brown
S3612,Sara,Jones
S3614,Emma,Davis
S3615,Maria,Smith
S3617,Omar,Davis
S3618,John,Johnson
S3619,Omar,Williams
S3622,Maria,Brown
S3624,Maria,Davis
S3625,Emma,Smith
S3627,Emma,Davis
S3628,Sara,Smith
S3629,Omar,Johnson
S3632,Ali,Johnson
S3633,Maria,Johnson
S3634,Sara,Smith
S3635,Emma,Jones
S3639,Maria,Brown
S3641,Maria,Smith
S3642,Ahmed,Brown
S3644,Ahmed,Brown
S3645,John,Johnson
S3646,Sara,Brown
S3648,Omar,Brown
S3649,Emma,Williams
S3653,Ahmed,Smith
S3654,Omar,Davis
S3656,Omar,Smith
S3657,Liam,Jones
S3658,John,Williams
S3659,Maria,Jones
S3660,Sara,Williams
S3662,Sara,Johnson
S3663,John,Brown
S3664,Emma,Williams
S3666,Liam,Williams
S3667,Liam,Davis
S3668,Ali,Smith
S3669,John,Johnson
S3670,John,Brown
S3672,Sara,Jones
S3674,John,Williams
S3676,Ahmed,Brown
S3685,Ahmed,Davis
S3686,Omar,Williams
S3687,Sara,Johnson
S3688,Ahmed,Brown
S3689,Liam,Brown
S3690,Maria,Davis
S3691,Ahmed,Brown
S3692,Maria,Johnson
S3693,Maria,Johnson
S3700,Ali,Jones
S3701,John,Davis
S3703,Ali,Brown
S3704,Maria,Davis
S3705,Sara,Williams
S3706,Ahmed,Jones
S3707,Sara,Johnson
S3710,Sara,Davis
S3711,Omar,Smith
S3712,Sara,Johnson
S3713,Maria,Smith
S3714,Emma,Johnson
S3717,John,Davis
S3719,Sara,Williams
S3722,Maria,Jones
S3724,Ahmed,Jones
S3726,Liam,Williams
S3727,Ahmed,Davis
S3728,Omar,Jones
S3729,Ali,Johnson
S3732,Liam,Brown
S3733,Maria,Davis
S3734,Liam,Johnson
S3735,Emma,Williams
S3736,Omar,Williams
S3739,Emma,Davis
S3742,Omar,Smith
S3743,Ahmed,Brown
S3744,Ahmed,Williams
S3745,Emma,Johnson
S3748,Emma,Williams
S3749,Emma,Johnson
S3750,Maria,Brown
S3751,Ahmed,Smith
S3752,Omar,Johnson
S3754,Liam,Davis
S3759,Omar,Smith
S3761,Ali,Jones
S3766,Sara,Williams
S3768,Ahmed,Smith
S3771,Ali,Davis
S3772,Liam,Jones
S3774,Liam,Johnson
S3775,Maria,Jones
S3776,Ahmed,Williams
S3779,Omar,Johnson
S3780,John,Jones
S3782,John,Williams
S3783,Emma,Williams
S3784,Emma,Johnson
S3786,Sara,Jones
S3788,Sara,Davis
S3790,Emma,Davis
S3791,Ali,Jones
S3794,Maria,Williams
S3795,Liam,Johnson
S3796,John,Brown
S3797,Maria,Brown
S3798,Ali,Williams
S3800,Liam,Williams
S3801,Emma,Jones
S3806,Ahmed,Davis
S3807,Omar,Jones
S3809,Maria,Smith
S3810,Ahmed,Davis
S3812,Ali,Smith
S3814,Maria,Smith
S3815,Liam,Jones
S3816,Maria,Brown
S3817,Omar,Smith
S3819,Emma,Williams
S3824,Sara,Brown
S3828,Omar,Johnson
S3829,Ahmed,Davis
S3831,Sara,Smith
S3832,Ahmed,Brown
S3833,Ali,Smith
S3834,Omar,Williams
S3835,John,Davis
S3836,Emma,Jones
S3837,Ahmed,Williams
S3838,Ahmed,Smith
S3839,John,Johnson
S3840,Ahmed,Davis
S3842,Ali,Williams
S3843,John,Davis
S3844,Emma,Brown
S3846,Sara,Williams
S3847,Maria,Brown
S3848,Ahmed,Smith
S3849,Sara,Brown
S3853,Emma,Brown
S3854,Sara,Brown
S3856,Sara,Brown
S3857,Ahmed,Davis
S3858,Ali,Smith
S3859,Omar,Johnson
S3860,Omar,Williams
S3862,Omar,Davis
S3864,Sara,Jones
S3865,Omar,Jones
S3867,Emma,Smith
S3868,Maria,Brown
S3869,Omar,Davis
S3870,Liam,Johnson
S3872,Ahmed,Johnson
S3873,Maria,Johnson
S3874,Liam,Jones
S3875,Sara,Johnson
S3879,Liam,Smith
S3886,Liam,Davis
S3887,Emma,Davis
S3889,Omar,Brown
S3890,Emma,Smith
S3891,Omar,Smith
S3892,Sara,Williams
S3893,Ali,Williams
S3896,Sara,Williams
S3897,John,Johnson
S3898,Sara,Brown
S3899,Emma,Brown
S3902,Ali,Williams
S3903,Sara,Smith
S3905,Omar,Brown
S3906,Liam,Williams
S3909,John,Davis
S3910,Liam,Smith
S3911,Ali,Jones
S3913,Maria,Williams
S3914,Ali,Johnson
S3917,Omar,Jones
S3920,Ahmed,Davis
S3922,Ahmed,Brown
S3923,Ali,Williams
S3924,Sara,Brown
S3926,Maria,Davis
S3927,Sara,Brown
S3930,Emma,Johnson
S3932,Ali,Smith
S3933,Ali,Smith
S3934,Ali,Smith
S3935,Ali,Davis
S3937,Ahmed,Williams
S3938,Ali,Williams
S3941,Omar,Williams
S3943,John,Smith
S3944,Maria,Jones
S3945,Sara,Smith
S3946,Ahmed,Williams
S3950,Emma,Williams
S3951,John,Williams
S3953,Sara,Johnson
S3954,Sara,Brown
S3955,Ahmed,Williams
S3956,Ali,Davis
S3957,Omar,Williams
S3958,John,Smith
S3959,Ahmed,Jones
S3960,John,Jones
S3961,Ali,Smith
S3962,Liam,Jones
S3963,Emma,Johnson
S3964,Emma,Jones
S3966,Ali,Smith
S3974,Ahmed,Smith
S3977,Ahmed,Johnson
S3980,Ali,Davis
S3981,Liam,Williams
S3982,Ali,Smith
S3984,Maria,Davis
S3986,Sara,Jones
S3987,John,Williams
S3989,Liam,Johnson
S3992,Sara,Williams
S3994,Emma,Williams
S3995,Ali,Johnson
S3996,John,Smith
S3999,Liam,Jones
S4000,Liam,Williams
S4002,Emma,Smith
S4003,Maria,Brown
S4005,Ahmed,Jones
S4006,Sara,Smith
S4008,Maria,Davis
S4010,Sara,Johnson
S4013,Omar,Jones
S4020,Emma,Smith
S4023,Maria,Smith
S4024,John,Johnson
S4027,Ahmed,Johnson
S4028,Omar,Smith
S4029,John,Jones
S4030,Omar,Jones
S4031,Liam,Davis
S4032,Omar,Jones
S4033,Ahmed,Johnson
S4034,Maria,Davis
S4037,Maria,Johnson
S4038,John,Johnson
S4040,Omar,Smith
S4041,Maria,Brown
S4042,Ahmed,Johnson
S4043,Ahmed,Brown
S4045,John,Jones
S4048,Ahmed,Smith
S4052,Maria,Brown
S4053,Emma,Smith
S4054,John,Williams
S4055,Ahmed,Smith
S4060,Liam,Johnson
S4063,Emma,Jones
S4065,Sara,Johnson
S4066,Ali,Jones
S4067,Ahmed,Johnson
S4068,Maria,Jones
S4070,Ali,Williams
S4071,Emma,Davis
S4076,Sara,Williams
S4079,Omar,Johnson
S4080,Omar,Jones
S4082,Liam,Jones
S4084,Sara,Jones
S4089,Maria,Johnson
S4090,Maria,Davis
S4091,Emma,Brown
S4092,Omar,Jones
S4093,Emma,Jones
S4094,Ali,Davis
S4096,Liam,Williams
S4098,Sara,Smith
S4099,Omar,Johnson
S4102,Omar,Smith
S4103,Emma,Jones
S4104,Emma,Johnson
S4106,Emma,Jones
S4107,Maria,Johnson
S4108,Ali,Brown
S4109,Sara,Johnson
S4110,Ali,Davis
S4111,Omar,Williams
S4112,Sara,Johnson
S4113,Liam,Williams
S4115,Ali,Williams
S4116,Ahmed,Davis
S4118,Liam,Jones
S4119,Liam,Williams
S4121,Ali,Williams
S4124,Ahmed,Davis
S4126,Sara,Smith
S4128,John,Smith
S4131,Omar,Davis
S4132,Sara,Smith
S4133,Ali,Williams
S4134,Sara,Davis
S4135,John,Brown
S4136,Maria,Davis
S4138,Ali,Smith
S4140,Sara,Davis
S4141,Ahmed,Williams
S4142,Omar,Johnson
S4146,Sara,Johnson
S4148,Omar,Jones
S4149,Ahmed,Jones
S4152,Liam,Johnson
S4153,Ahmed,Brown
S4154,Omar,Smith
S4155,John,Davis
S4160,Sara,Smith
S4162,Emma,Davis
S4163,Ahmed,Williams
S4166,Emma,Davis
S4167,Ali,Johnson
S4170,John,Williams
S4171,Omar,Davis
S4172,Ahmed,Jones
S4175,Sara,Johnson
S4176,Emma,Jones
S4178,Omar,Davis
S4180,Ali,Williams
S4182,Omar,Davis
S4183,Liam,Williams
S4184,Maria,Smith
S4186,John,Smith
S4187,Maria,Jones
S4188,Sara,Davis
S4189,Emma,Brown
S4191,Liam,Williams
S4193,Ahmed,Davis
S4194,Emma,Jones
S4195,Maria,Williams
S4196,Liam,Smith
S4197,Ahmed,Williams
S4198,Ali,Davis
S4199,Maria,Brown
S4201,Ali,Williams
S4203,Ali,Johnson
S4206,Ali,Johnson
S4208,Maria,Jones
S4209,Ahmed,Smith
S4211,Maria,Smith
S4217,Liam,Williams
S4219,Liam,Davis
S4222,Sara,Smith
S4224,Emma,Brown
S4225,Maria,Johnson
S4227,Sara,Davis
S4230,Emma,Davis
S4231,Sara,Williams
S4233,Maria,Brown
S4235,Emma,Davis
S4237,John,Smith
S4238,Sara,Johnson
S4239,Omar,Jones
S4241,Maria,Brown
S4242,Liam,Smith
S4243,Emma,Jones
S4244,Maria,Smith
S4245,Sara,Johnson
S4246,Maria,Davis
S4248,Ahmed,Davis
S4249,Ahmed,Smith
S4250,Omar,Jones
S4251,Omar,Johnson
S4253,Omar,Davis
S4254,Liam,Jones
S4256,Emma,Smith
S4257,Emma,Davis
S4259,Omar,Williams
S4260,Liam,Davis
S4262,Ali,Smith
S4263,Liam,Jones
S4267,John,Jones
S4268,Liam,Brown
S4270,Ahmed,Jones
S4271,Omar,Jones
S4274,Liam,Jones
S4275,Emma,Johnson
S4276,Ahmed,Johnson
S4277,Maria,Smith
S4278,Liam,Williams
S4282,Ali,Brown
S4283,Emma,Jones
S4284,Ahmed,Johnson
S4285,Maria,Davis
S4287,Emma,Smith
S4288,Sara,Smith
S4290,Omar,Jones
S4291,Liam,Brown
S4292,Ali,Williams
S4295,Maria,Smith
S4300,Emma,Smith
S4301,Maria,Williams
S4302,Ali,Brown
S4303,Omar,Davis
S4305,Ahmed,Davis
S4306,Sara,Johnson
S4307,Ali,Jones
S4308,Ahmed,Davis
S4309,Sara,Williams
S4310,John,Davis
S4311,Ali,Smith
S4313,Ali,Smith
S4314,John,Smith
S4317,Emma,Brown
S4319,Sara,Johnson
S4322,Omar,Williams
S4324,John,Brown
S4326,John,Smith
S4327,Omar,Brown
S4329,Maria,Davis
S4330,Ahmed,Davis
S4331,Maria,Johnson
S4335,Ali,Jones
S4337,Emma,Davis
S4339,Ahmed,Smith
S4340,John,Jones
S4342,Liam,Jones
S4343,Sara,Johnson
S4345,Emma,Johnson
S4346,Emma,Davis
S4347,John,Williams
S4349,Omar,Johnson
S4351,Emma,Johnson
S4352,Ali,Brown
S4353,Omar,Williams
S4355,John,Johnson
S4356,Sara,Davis
S4357,John,Davis
S4358,Sara,Johnson
S4360,Sara,Brown
S4361,Emma,Davis
S4362,Maria,Smith
S4363,Sara,Brown
S4364,Liam,Johnson
S4367,Sara,Jones
S4369,Ahmed,Davis
S4371,Ali,Williams
S4372,Maria,Brown
S4374,Emma,Williams
S4375,Ali,Williams
S4379,Emma,Davis
S4380,Ahmed,Smith
S4382,John,Smith
S4383,John,Smith
S4384,Ali,Williams
S4386,Ali,Smith
S4387,Ahmed,Brown
S4388,Ahmed,Williams
S4389,Sara,Davis
S4390,Liam,Davis
S4391,Ahmed,Jones
S4393,Maria,Williams
S4394,Ali,Brown
S4395,Omar,Davis
S4397,Ahmed,Williams
S4398,Maria,Smith
S4399,Maria,Johnson
S4400,Liam,Johnson
S4403,Maria,Johnson
S4407,Maria,Davis
S4408,Sara,Smith
S4414,Ahmed,Brown
S4415,John,Johnson
S4416,Emma,Williams
S4417,Sara,Johnson
S4419,Omar,Smith
S4420,John,Brown
S4421,Omar,Jones
S4423,Ahmed,Davis
S4424,John,Jones
S4426,Sara,Williams
S4427,Ali,Smith
S4429,Emma,Jones
S4431,Sara,Brown
S4432,Ahmed,Williams
S4433,Omar,Jones
S4434,Liam,Davis
S4439,Ali,Johnson
S4441,Ahmed,Smith
S4444,Emma,Brown
S4445,Emma,Jones
S4446,John,Brown
S4447,Omar,Johnson
S4448,Liam,Davis
S4450,Maria,Brown
S4451,Ali,Davis
S4452,Maria,Davis
S4455,Liam,Johnson
S4456,Ali,Johnson
S4457,Ahmed,Jones
S4459,Maria,Jones
S4462,Maria,Davis
S4464,Maria,Brown
S4467,Sara,Jones
S4469,Ahmed,Davis
S4470,Maria,Williams
S4472,Emma,Davis
S4473,Liam,Jones
S4478,Maria,Williams
S4480,Emma,Smith
S4481,Omar,Brown
S4482,Ahmed,Jones
S4486,Emma,Jones
S4487,Omar,Johnson
S4491,Ahmed,Davis
S4492,Emma,Jones
S4493,Emma,Johnson
S4494,Omar,Williams
S4495,Ahmed,Williams
S4496,Sara,Jones
S4497,Omar,Johnson
S4500,Omar,Smith
S4502,Ali,Johnson
S4503,Ahmed,Johnson
S4505,Sara,Smith
S4507,Ahmed,Jones
S4511,Ahmed,Johnson
S4512,Ahmed,Johnson
S4513,Liam,Johnson
S4515,Ali,Brown
S4516,John,Jones
S4517,Ali,Davis
S4518,Maria,Brown
S4520,Omar,Smith
S4522,Maria,Williams
S4523,Liam,Johnson
S4524,Omar,Williams
S4525,Ahmed,Brown
S4526,Sara,Smith
S4527,Emma,Davis
S4528,Maria,Williams
S4530,Maria,Smith
S4532,Maria,Williams
S4535,John,Johnson
S4536,Ali,Brown
S4537,Ahmed,Johnson
S4539,Ahmed,Smith
S4540,Emma,Brown
S4541,Sara,Davis
S4542,Ahmed,Johnson
S4544,Ahmed,Williams
S4547,Liam,Jones
S4548,Ali,Williams
S4549,Liam,Jones
S4550,Ali,Davis
S4551,Ali,Smith
S4552,Ali,Jones
S4553,Sara,Davis
S4555,Liam,Smith
S4556,Ahmed,Jones
S4559,Sara,Smith
S4565,Maria,Smith
S4566,John,Jones
S4567,Omar,Johnson
S4568,Sara,Davis
S4569,Liam,Johnson
S4572,Liam,Jones
S4574,Omar,Jones
S4575,Ali,Johnson
S4577,Omar,Smith
S4578,Liam,Johnson
S4584,Ali,Smith
S4585,Omar,Smith
S4586,Ahmed,Davis
S4587,Liam,Smith
S4590,Ali,Johnson
S4592,John,Brown
S4594,Ahmed,Brown
S4595,John,Smith
S4596,Liam,Jones
S4598,Liam,Brown
S4601,Maria,Johnson
S4603,Liam,Johnson
S4604,Sara,Smith
S4606,Emma,Johnson
S4608,John,Brown
S4609,Maria,Smith
S4611,John,Jones
S4614,Maria,Smith
S4615,John,Johnson
S4616,John,Williams
S4618,Ahmed,Brown
S4619,Ahmed,Smith
S4623,Liam,Williams
S4625,Sara,Johnson
S4626,Emma,Williams
S4632,Omar,Davis
S4633,Liam,Brown
S4634,Liam,Jones
S4635,Liam,Davis
S4636,Ali,Davis
S4639,Omar,Smith
S4640,Sara,Johnson
S4641,John,Davis
S4642,Ali,Johnson
S4646,Emma,Brown
S4647,Ali,Smith
S4650,Sara,Johnson
S4651,Omar,Johnson
S4652,Emma,Davis
S4653,Omar,Smith
S4656,Ahmed,Jones
S4658,Maria,Williams
S4659,John,Brown
S4660,Liam,Brown
S4664,Ahmed,Johnson
S4666,Omar,Brown
S4668,Liam,Smith
S4669,Liam,Brown
S4671,Sara,Brown
S4672,John,Smith
S4673,Sara,Jones
S4677,Sara,Brown
S4679,Ali,Jones
S4680,Ali,Brown
S4681,Liam,Brown
S4683,Emma,Johnson
S4686,Ali,Smith
S4688,Emma,Brown
S4689,Maria,Johnson
S4692,Ahmed,Williams
S4693,Maria,Davis
S4694,Liam,Williams
S4695,John,Brown
S4696,Emma,Johnson
S4697,Ali,Brown
S4698,Liam,Davis
S4700,John,Johnson
S4701,Sara,Brown
S4702,Liam,Jones
S4703,Emma,Davis
S4706,Ali,Brown
S4708,Ali,Johnson
S4709,Omar,Brown
S4710,Sara,Brown
S4711,Ahmed,Williams
S4713,Emma,Davis
S4714,Ahmed,Jones
S4715,Emma,Williams
S4719,Emma,Williams
S4721,Omar,Williams
S4722,Maria,Jones
S4723,Liam,Williams
S4725,Liam,Williams
S4728,John,Jones
S4729,Ali,Jones
S4730,Emma,Jones
S4736,Ahmed,Johnson
S4737,Ahmed,Jones
S4738,Omar,Jones
S4740,John,Williams
S4742,Omar,Johnson
S4743,Omar,Jones
S4744,John,Williams
S4745,Omar,Davis
S4748,Ahmed,Brown
S4752,Ahmed,Johnson
S4753,Ali,Smith
S4754,Liam,Johnson
S4755,John,Johnson
S4756,Omar,Smith
S4758,John,Williams
S4759,Omar,Davis
S4761,Emma,Smith
S4763,Maria,Brown
S4767,Ahmed,Johnson
S4768,Omar,Jones
S4769,Liam,Davis
S4771,Sara,Brown
S4776,Ahmed,Brown
S4779,Maria,Johnson
S4781,John,Jones
S4785,Sara,Brown
S4786,John,Smith
S4787,Ali,Johnson
S4788,Sara,Johnson
S4792,Omar,Brown
S4793,John,Johnson
S4794,John,Jones
S4795,Sara,Brown
S4796,Ali,Brown
S4797,Liam,Jones
S4798,Ahmed,Johnson
S4799,Ali,Brown
S4800,Maria,Jones
S4804,Sara,Jones
S4805,Sara,Davis
S4806,Emma,Jones
S4807,Maria,Brown
S4810,Emma,Brown
S4814,Ali,Davis
S4815,Maria,Davis
S4816,John,Davis
S4817,Liam,Jones
S4821,Emma,Johnson
S4823,John,Johnson
S4825,Sara,Smith
S4827,Omar,Johnson
S4828,Ahmed,Davis
S4831,Sara,Jones
S4833,Emma,Jones
S4836,Ahmed,Smith
S4837,Emma,Williams
S4838,Ahmed,Johnson
S4839,Emma,Brown
S4840,Liam,Smith
S4841,Omar,Brown
S4842,Ahmed,Brown
S4843,Sara,Johnson
S4845,Emma,Johnson
S4848,Ali,Brown
S4849,Ahmed,Johnson
S4851,Ali,Johnson
S4853,Omar,Williams
S4855,Ahmed,Smith
S4858,Liam,Jones
S4860,Liam,Jones
S4861,Sara,Johnson
S4862,Omar,Johnson
S4863,Maria,Smith
S4870,Sara,Jones
S4872,Omar,Johnson
S4873,Maria,Davis
S4874,Maria,Davis
S4875,John,Jones
S4876,Ali,Davis
S4878,Emma,Jones
S4881,Liam,Smith
S4883,Maria,Johnson
S4884,Emma,Johnson
S4886,Emma,Brown
S4887,Ahmed,Smith
S4888,Omar,Jones
S4889,Maria,Smith
S4892,Liam,Williams
S4893,Ahmed,Johnson
S4894,Maria,Jones
S4896,Omar,Williams
S4897,Ali,Johnson
S4899,Ali,Davis
S4900,Sara,Smith
S4901,Omar,Brown
S4903,Ali,Jones
S4904,John,Smith
S4906,John,Smith
S4908,John,Johnson
S4909,Ali,Davis
S4910,Maria,Davis
S4916,Maria,Williams
S4918,Liam,Johnson
S4919,Omar,Brown
S4921,Omar,Williams
S4922,Emma,Brown
S4925,Maria,Jones
S4926,John,Jones
S4927,Omar,Davis
S4930,Liam,Jones
S4931,Ahmed,Johnson
S4934,Ahmed,Davis
S4935,Sara,Brown
S4937,John,Jones
S4939,John,Jones
S4940,Ali,Williams
S4942,Emma,Brown
S4944,Ahmed,Smith
S4945,Emma,Jones
S4946,Ali,Davis
S4949,John,Brown
S4950,Ahmed,Williams
S4951,John,Brown
S4957,Ahmed,Brown
S4959,Liam,Jones
S4960,Ahmed,Jones
S4963,Ahmed,Jones
S4964,Sara,Jones
S4965,Liam,Smith
S4966,Ahmed,Williams
S4971,Emma,Brown
S4972,Omar,Jones
S4975,John,Brown
S4976,Ali,Brown
S4977,Liam,Johnson
S4978,Ali,Jones
S4979,Maria,Smith
S4980,Emma,Brown
S4981,Ali,Smith
S4982,Emma,Brown
S4984,Maria,Davis
S4985,Maria,Brown
S4987,Ali,Brown
S4988,Omar,Williams
S4989,Maria,Jones
S4990,Liam,Johnson
S4991,Ali,Davis
S4992,Maria,Johnson
S4993,Ahmed,Jones
S4994,Emma,Johnson
S4997,Sara,Davis
S4998,Emma,Williams
S4999,Emma,Johnson
S5001,Omar,Brown
S5004,Maria,Smith
S5005,Emma,Jones
S5006,Liam,Williams
S5008,Liam,Williams
S5009,Liam,Smith
S5011,Omar,Jones
S5012,Sara,Jones
S5014,Ahmed,Davis
S5015,Emma,Williams
S5017,Ali,Brown
S5018,Ahmed,Davis
S5020,Liam,Johnson
S5021,John,Brown
S5022,Maria,Smith
S5023,Sara,Brown
S5024,Sara,Johnson
S5028,Maria,Smith
S5029,Sara,Jones
S5030,Ali,Jones
S5032,Omar,Williams
S5034,Omar,Davis
S5035,Omar,Smith
S5036,Sara,Johnson
S5037,Liam,Smith
S5039,John,Brown
S5040,Maria,Jones
S5041,Liam,Smith
S5043,Liam,Johnson
S5046,Sara,Brown
S5048,Maria,Jones
S5050,Liam,Johnson
S5052,Ali,Johnson
S5056,Sara,Williams
S5057,Ahmed,Davis
S5060,Sara,Johnson
S5062,Liam,Davis
S5064,John,Davis
S5065,John,Brown
S5066,Ali,Smith
S5068,Liam,Smith
S5071,Ahmed,Smith
S5074,Sara,Williams
S5081,Emma,Williams
S5082,Omar,Brown
S5083,Ali,Davis
S5084,Ali,Brown
S5086,Ahmed,Brown
S5087,Ahmed,Williams
S5088,Sara,Davis
S5091,John,Johnson
S5092,Ali,Smith
S5096,Ali,Brown
S5097,Sara,Jones
S5098,Emma,Brown
S5102,Ali,Jones
S5103,Sara,Brown
S5105,Ahmed,Jones
S5106,Sara,Jones
S5107,Emma,Smith
S5110,Sara,Jones
S5111,Sara,Williams
S5115,John,Davis
S5116,Ahmed,Davis
S5117,Omar,Brown
S5118,Emma,Brown
S5119,Maria,Brown
S5121,Omar,Williams
S5122,Liam,Jones
S5127,John,Brown
S5129,John,Johnson
S5130,Omar,Johnson
S5131,Ali,Jones
S5132,Liam,Johnson
S5133,Liam,Johnson
S5134,Omar,Smith
S5136,Maria,Jones
S5137,Sara,Johnson
S5139,Maria,Johnson
S5140,Emma,Davis
S5141,Maria,Williams
S5142,Emma,Brown
S5143,Omar,Williams
S5147,Omar,Smith
S5148,Emma,Davis
S5149,Maria,Jones
S5150,Maria,Davis
S5151,Emma,Jones
S5152,John,Smith
S5154,Ali,Smith
S5160,Omar,Jones
S5161,Sara,Davis
S5162,Ali,Williams
S5163,Liam,Williams
S5164,Emma,Brown
S5166,Liam,Smith
S5168,Ali,Davis
S5170,Maria,Davis
S5171,John,Jones
S5172,Emma,Williams
S5173,Omar,Smith
S5174,Maria,Brown
S5176,Ali,Brown
S5177,John,Johnson
S5178,Sara,Davis
S5180,John,Smith
S5181,Ahmed,Johnson
S5182,John,Williams
S5184,Liam,Brown
S5185,Maria,Davis
S5189,Maria,Davis
S5190,Maria,Smith
S5191,Ali,Brown
S5192,Maria,Jones
S5194,Ahmed,Johnson
S5195,Liam,Davis
S5196,Omar,Smith
S5198,Omar,Williams
S5199,Omar,Smith
S5200,Liam,Smith
S5201,Emma,Jones
S5204,Sara,Jones
S5210,Omar,Davis
S5211,Liam,Jones
S5212,John,Brown
S5213,Ahmed,Brown
S5214,John,Brown
S5216,Sara,Johnson
S5218,Liam,Davis
S5221,Maria,Jones
S5222,Ali,Smith
S5223,Omar,Smith
S5228,Maria,Williams
S5233,Emma,Brown
S5234,Emma,Smith
S5235,Emma,Smith
S5236,Emma,Williams
S5237,John,Johnson
S5238,Liam,Davis
S5239,Ali,Brown
S5241,John,Smith
S5242,Emma,Jones
S5245,Ali,Davis
S5246,Omar,Williams
S5247,Ahmed,Smith
S5249,Ahmed,Jones
S5250,Ahmed,Brown
S5252,Ahmed,Smith
S5255,Maria,Brown
S5256,Emma,Brown
S5257,Sara,Jones
S5258,Omar,Smith
S5259,John,Brown
S5261,Liam,Davis
S5262,John,Jones
S5263,Ahmed,Johnson
S5264,Ali,Johnson
S5265,John,Smith
S5266,Ali,Williams
S5267,Maria,Brown
S5269,Maria,Smith
S5270,Sara,Davis
S5271,Sara,Williams
S5273,Emma,Smith
S5275,John,Brown
S5276,Ahmed,Smith
S5277,Maria,Brown
S5278,Ahmed,Brown
S5279,Ali,Jones
S5282,Sara,Williams
S5286,Maria,Brown
S5288,John,Jones
S5289,Sara,Smith
S5292,Maria,Johnson
S5293,Ali,Williams
S5294,Ahmed,Williams
S5295,Liam,Davis
S5296,Sara,Brown
S5297,Emma,Davis
S5299,Maria,Davis
S5300,Maria,Williams
S5301,Emma,Brown
S5306,Liam,Johnson
S5307,Sara,Brown
S5308,Emma,Davis
S5310,Ahmed,Johnson
S5312,Maria,Johnson
S5313,Sara,Brown
S5315,John,Williams
S5317,Sara,Williams
S5319,John,Davis
S5321,Omar,Williams
S5322,Liam,Johnson
S5323,Liam,Jones
S5324,Emma,Davis
S5325,Ali,Brown
S5326,Ahmed,Davis
S5327,Maria,Brown
S5328,John,Brown
S5330,Omar,Brown
S5331,John,Brown
S5332,John,Johnson
S5333,Ali,Williams
S5334,Maria,Davis
S5338,Sara,Davis
S5339,John,Brown
S5340,Liam,Smith
S5344,Omar,Johnson
S5347,Maria,Johnson
S5349,Ali,Davis
S5352,Omar,Johnson
S5355,John,Davis
S5357,Sara,Johnson
S5358,Ali,Smith
S5359,Omar,Brown
S5360,Emma,Davis
S5362,Omar,Williams
S5364,John,Williams
S5365,Ali,Johnson
S5366,Ahmed,Davis
S5369,Maria,Jones
S5371,Maria,Williams
S5374,Omar,Brown
S5376,John,Davis
S5379,Omar,Johnson
S5380,Sara,Williams
S5382,Ali,Davis
S5384,John,Johnson
S5386,Omar,Williams
S5387,John,Jones
S5388,John,Brown
S5390,Liam,Smith
S5391,Emma,Jones
S5392,Emma,Johnson
S5394,Maria,Johnson
S5395,Ahmed,Smith
S5396,Liam,Brown
S5397,Emma,Davis
S5398,John,Williams
S5399,John,Jones
S5400,Emma,Johnson
S5401,Omar,Smith
S5402,Emma,Williams
S5403,John,Jones
S5406,Ali,Davis
S5408,Liam,Williams
S5409,Emma,Williams
S5411,Emma,Brown
S5412,Omar,Smith
S5414,Liam,Davis
S5415,Ali,Williams
S5418,John,Jones
S5419,John,Brown
S5420,Sara,Davis
S5422,Ali,Jones
S5423,Maria,Williams
S5424,Maria,Davis
S5427,Emma,Smith
S5429,Ali,Smith
S5434,Maria,Brown
S5435,John,Johnson
S5437,Maria,Brown
S5438,Emma,Williams
S5439,Liam,Williams
S5442,Ahmed,Williams
S5443,Maria,Williams
S5444,Liam,Williams
S5445,Ali,Brown
S5447,Ali,Brown
S5448,Liam,Jones
S5449,Ali,Brown
S5450,Liam,Jones
S5451,Maria,Smith
S5454,John,Jones
S5455,Ahmed,Brown
S5456,John,Jones
S5459,Emma,Smith
S5460,Emma,Davis
S5461,Ali,Jones
S5462,Maria,Williams
S5463,John,Williams
S5468,Ali,Jones
S5471,Emma,Brown
S5473,Liam,Williams
S5475,Omar,Jones
S5476,Omar,Jones
S5477,Liam,Johnson
S5478,Ahmed,Davis
S5480,Ali,Brown
S5486,Liam,Smith
S5488,Sara,Williams
S5489,Ahmed,Davis
S5490,Omar,Jones
S5492,Ahmed,Davis
S5493,Liam,Davis
S5495,Ahmed,Johnson
S5496,John,Davis
S5497,Maria,Brown
S5498,Ali,Smith
S5499,Ahmed,Brown
S5500,Ahmed,Smith
S5503,Ali,Smith
S5504,Maria,Brown
S5506,Ali,Davis
S5508,Liam,Jones
S5510,Ali,Davis
S5513,Omar,Jones
S5514,Omar,Davis
S5518,Maria,Williams
S5521,Omar,Smith
S5523,John,Davis
S5524,Sara,Williams
S5526,Ahmed,Brown
S5527,Emma,Johnson
S5529,Ahmed,Jones
S5530,John,Smith
S5531,Emma,Williams
S5532,Maria,Jones
S5533,Ali,Brown
S5537,Omar,Jones
S5538,Omar,Williams
S5539,Maria,Davis
S5540,Maria,Johnson
S5542,Emma,Williams
S5543,Maria,Johnson
S5546,Emma,Williams
S5547,Maria,Davis
S5548,Sara,Jones
S5549,Liam,Brown
S5550,Sara,Johnson
S5553,Ali,Williams
S5555,Liam,Jones
S5558,Emma,Johnson
S5559,Emma,Williams
S5562,Ali,Williams
S5563,Ahmed,Jones
S5564,Maria,Brown
S5565,Emma,Williams
S5566,Sara,Smith
S5568,Liam,Johnson
S5569,John,Williams
S5570,Maria,Williams
S5571,Sara,Smith
S5574,Ahmed,Davis
S5575,Ahmed,Johnson
S5578,Liam,Williams
S5579,Emma,Johnson
S5581,Liam,Smith
S5582,Ahmed,Williams
S5583,Maria,Williams
S5584,Liam,Brown
S5587,Ahmed,Williams
S5589,Ali,Brown
S5590,Emma,Williams
S5591,Ali,Williams
S5593,Liam,Johnson
S5595,Maria,Brown
S5599,Omar,Smith
S5601,Ahmed,Johnson
S5604,Emma,Jones
S5605,Sara,Johnson
S5606,John,Johnson
S5607,Emma,Brown
S5611,Liam,Smith
S5613,Ali,Smith
S5614,Ali,Williams
S5616,Liam,Jones
S5620,Omar,Jones
S5621,Omar,Jones
S5623,Omar,Davis
S5627,Emma,Davis
S5633,Ahmed,Jones
S5635,Liam,Jones
S5636,Maria,Johnson
S5639,Liam,Davis
S5640,Liam,Johnson
S5642,Ahmed,Davis
S5646,Liam,Smith
S5647,Ali,Williams
S5648,Ahmed,Smith
S5649,Sara,Jones
S5650,Omar,Davis
S5651,Maria,Jones
S5654,Liam,Jones
S5655,Ali,Brown
S5658,Omar,Johnson
S5660,Ahmed,Jones
S5661,Omar,Smith
S5663,Ali,Johnson
S5665,Maria,Jones
S5666,Sara,Davis
S5667,Sara,Brown
S5668,Sara,Brown
S5669,Maria,Jones
S5670,Emma,Davis
S5672,Omar,Davis
S5673,Maria,Smith
S5676,John,Brown
S5677,Omar,Davis
S5678,Maria,Davis
S5679,Liam,Jones
S5680,Maria,Smith
S5684,Sara,Williams
S5685,John,Jones
S5686,Omar,Johnson
S5689,Sara,Smith
S5690,Omar,Williams
S5691,Ahmed,Brown
S5693,Sara,Jones
S5694,Sara,Jones
S5697,Ahmed,Brown
S5699,Emma,Williams
S5700,Sara,Johnson
S5701,John,Davis
S5704,Ali,Smith
S5708,Maria,Johnson
S5710,John,Brown
S5711,Ahmed,Smith
S5715,John,Davis
S5716,Liam,Jones
S5718,Liam,Davis
S5719,Sara,Jones
S5720,Ali,Johnson
S5721,Ali,Johnson
S5723,Maria,Johnson
S5724,John,Johnson
S5725,John,Brown
S5727,Omar,Jones
S5728,Ahmed,Brown
S5735,Omar,Jones
S5737,Ali,Jones
S5740,Ali,Williams
S5743,Ahmed,Davis
S5744,Emma,Brown
S5745,John,Jones
S5747,Maria,Jones
S5750,Omar,Williams
S5753,Emma,Williams
S5755,Emma,Williams
S5756,Maria,Davis
S5759,Liam,Williams
S5760,John,Smith
S5761,John,Johnson
S5763,Maria,Brown
S5765,Ali,Jones
S5768,Liam,Johnson
S5769,John,Williams
S5770,Liam,Johnson
S5771,Liam,Johnson
S5774,Ali,Johnson
S5776,Maria,Williams
S5780,Omar,Smith
S5783,Maria,Smith
S5785,Omar,Brown
S5789,Ali,Brown
S5790,Ali,Jones
S5794,Ahmed,Davis
S5798,Maria,Smith
S5799,John,Johnson
S5800,John,Williams
S5803,John,Williams
S5804,Emma,Davis
S5806,Ali,Jones
S5807,Ali,Brown
S5808,Emma,Jones
S5809,Liam,Jones
S5810,Ahmed,Brown
S5811,Liam,Brown
S5812,Sara,Brown
S5813,Liam,Brown
S5816,Maria,Johnson
S5817,Emma,Johnson
S5818,Ali,Smith
S5819,Omar,Johnson
S5820,Maria,Davis
S5822,Ahmed,Jones
S5823,Sara,Brown
S5824,Ahmed,Brown
S5826,Liam,Davis
S5827,Liam,Johnson
S5828,John,Jones
S5831,Ahmed,Williams
S5832,Maria,Smith
S5833,Sara,Davis
S5834,John,Smith
S5836,Emma,Johnson
S5837,John,Brown
S5838,Liam,Davis
S5841,John,Smith
S5844,John,Johnson
S5845,Ahmed,Williams
S5847,Ahmed,Johnson
S5848,Emma,Williams
S5850,Ahmed,Williams
S5851,Sara,Williams
S5853,Ahmed,Johnson
S5854,Sara,Brown
S5855,Maria,Brown
S5856,Ahmed,Jones
S5857,John,Davis
S5860,Maria,Jones
S5861,Sara,Smith
S5863,Ali,Johnson
S5866,Ahmed,Smith
S5867,John,Jones
S5868,Omar,Jones
S5873,Liam,Brown
S5874,Liam,Brown
S5875,Emma,Johnson
S5878,Ahmed,Smith
S5879,Ali,Jones
S5880,Ali,Jones
S5881,Ahmed,Johnson
S5882,Sara,Davis
S5884,Emma,Davis
S5886,John,Jones
S5889,John,Johnson
S5890,Sara,Johnson
S5891,Sara,Smith
S5894,John,Williams
S5895,Sara,Davis
S5897,Ahmed,Williams
S5898,Emma,Johnson
S5899,Omar,Davis
S5900,Maria,Johnson
S5901,Ahmed,Davis
S5902,Maria,Jones
S5905,Maria,Johnson
S5906,John,Brown
S5907,Ali,Johnson
S5910,Liam,Davis
S5911,Ahmed,Jones
S5914,Omar,Smith
S5915,Sara,Brown
S5917,Maria,Jones
S5918,John,Brown
S5919,Ahmed,Johnson
S5920,Ali,Brown
S5922,Maria,Davis
S5925,Emma,Smith
S5927,Liam,Smith
S5928,Sara,Davis
S5929,John,Williams
S5930,Ahmed,Davis
S5933,Liam,Jones
S5934,Maria,Williams
S5937,Ahmed,Jones
S5938,Maria,Davis
S5939,Emma,Smith
S5942,Liam,Davis
S5943,John,Williams
S5944,Ahmed,Davis
S5949,Omar,Brown
S5950,Maria,Williams
S5953,Emma,Jones
S5955,Omar,Smith
S5956,Maria,Brown
S5957,Ahmed,Brown
S5959,Liam,Johnson
S5962,Emma,Jones
S5963,Sara,Johnson
S5965,Emma,Brown
S5966,Ali,Johnson
S5967,John,Williams
S5968,John,Smith
S5969,Sara,Johnson
S5970,Liam,Jones
S5972,Maria,Davis
S5973,Maria,Davis
S5974,Liam,Williams
S5976,Omar,Williams
S5978,Sara,Smith
S5979,Maria,Davis
S5982,Ali,Williams
S5984,Liam,Johnson
S5985,Omar,Smith
S5988,John,Smith
S5992,Sara,Johnson
S5995,Ahmed,Jones
S5997,John,Brown
S5998,Sara,Davis
S5999,Maria,Brown
